city,state
New York,NY
Los Angeles,CA
Chicago,IL
Miami,FL
Dallas,TX
Houston,TX
Philadelphia,PA
Atlanta,GA
Washington,DC
Boston,MA
Phoenix,AZ
Detroit,MI
Seattle,WA
San Francisco,CA
San Diego,CA
Minneapolis,MN
Brooklyn,NY
Tampa,FL
Denver,CO
Queens,NY
Baltimore,MD
Las Vegas,NV
St. Louis,MO
Portland,OR
Riverside,CA
Orlando,FL
Sacramento,CA
San Juan,PR
San Antonio,TX
San Jose,CA
Pittsburgh,PA
Cincinnati,OH
Manhattan,NY
Cleveland,OH
Indianapolis,IN
Austin,TX
Kansas City,MO
Columbus,OH
Charlotte,NC
Virginia Beach,VA
Bronx,NY
Milwaukee,WI
Providence,RI
Jacksonville,FL
Salt Lake City,UT
Nashville,TN
Raleigh,NC
Memphis,TN
Louisville,KY
Richmond,VA
Buffalo,NY
Oklahoma City,OK
Bridgeport,CT
New Orleans,LA
Fort Worth,TX
Hartford,CT
Tucson,AZ
Honolulu,HI
McAllen,TX
Omaha,NE
El Paso,TX
Albuquerque,NM
Rochester,NY
Sarasota,FL
Fresno,CA
Tulsa,OK
Allentown,PA
Dayton,OH
Birmingham,AL
Charleston,SC
Cape Coral,FL
Columbia,SC
Concord,CA
Colorado Springs,CO
Springfield,MA
Knoxville,TN
Baton Rouge,LA
Ogden,UT
Grand Rapids,MI
Albany,NY
Bakersfield,CA
Mission Viejo,CA
New Haven,CT
Worcester,MA
Provo,UT
Akron,OH
Palm Bay,FL
Des Moines,IA
Murrieta,CA
Mesa,AZ
Staten Island,NY
Wichita,KS
Toledo,OH
Harrisburg,PA
Port St. Lucie,FL
Long Beach,CA
Reno,NV
Madison,WI
Little Rock,AR
Greenville,SC
Denton,TX
Spokane,WA
Oakland,CA
Lancaster,PA
Poughkeepsie,NY
Boise,ID
Winston-Salem,NC
Syracuse,NY
Augusta,GA
Stockton,CA
Palm Coast,FL
Chattanooga,TN
Kissimmee,FL
Durham,NC
Arlington,TX
Victorville,CA
Aurora,CO
Modesto,CA
Lancaster,CA
Fayetteville,AR
Scranton,PA
Oxnard,CA
Youngstown,OH
Indio,CA
Pensacola,FL
Anaheim,CA
Bonita Springs,FL
Greensboro,NC
Huntsville,AL
Corpus Christi,TX
Fort Wayne,IN
Fayetteville,NC
Ann Arbor,MI
Jackson,MS
Antioch,CA
Mobile,AL
Lexington,KY
Asheville,NC
Trenton,NJ
Santa Rosa,CA
Santa Ana,CA
Lansing,MI
Henderson,NV
St. Paul,MN
Lakeland,FL
Newark,NJ
Fort Collins,CO
Reading,PA
Springfield,MO
Irvine,CA
Anchorage,AK
The Woodlands,TX
South Bend,IN
Rockford,IL
Savannah,GA
Lincoln,NE
Jersey City,NJ
Round Lake Beach,IL
Flint,MI
Shreveport,LA
Plano,TX
Myrtle Beach,SC
Davenport,IA
Canton,OH
Santa Clarita,CA
Chula Vista,CA
Eugene,OR
Chandler,AZ
Salem,OR
Concord,NC
Gilbert,AZ
Columbus,GA
Aguadilla,PR
Lubbock,TX
North Las Vegas,NV
St. Petersburg,FL
Tallahassee,FL
Laredo,TX
Peoria,IL
Avondale,AZ
Lafayette,LA
Irving,TX
Montgomery,AL
Visalia,CA
McKinney,TX
Wilmington,NC
Chesapeake,VA
Glendale,AZ
Garland,TX
Kennewick,WA
Winter Haven,FL
Scottsdale,AZ
Norfolk,VA
Killeen,TX
York,PA
Atlantic City,NJ
Nashua,NH
Arlington,VA
Brownsville,TX
Fremont,CA
Gulfport,MS
Evansville,IN
Hialeah,FL
Navarre,FL
Bel Air South,MD
North Port,FL
San Bernardino,CA
Portland,ME
Enterprise,NV
Bremerton,WA
Green Bay,WI
Appleton,WI
Spring Valley,NV
Tacoma,WA
Spartanburg,SC
Roanoke,VA
Gainesville,FL
Deltona,FL
Kalamazoo,MI
Thousand Oaks,CA
Hickory,NC
Yonkers,NY
Moreno Valley,CA
Fontana,CA
College Station,TX
Fargo,ND
Amarillo,TX
Norwich,CT
Olympia,WA
Waterbury,CT
Salinas,CA
Huntington,WV
Huntington Beach,CA
Clarksville,TN
Santa Barbara,CA
Glendale,CA
Sunrise Manor,NV
Grand Prairie,TX
Overland Park,KS
Hagerstown,MD
Nampa,ID
Gastonia,NC
Frisco,TX
Cedar Rapids,IA
Hemet,CA
Paradise,NV
Sioux Falls,SD
Vancouver,WA
Peoria,AZ
Waco,TX
Lorain,OH
Erie,PA
Newport News,VA
Aurora,IL
Fort Lauderdale,FL
Vallejo,CA
Murfreesboro,TN
Spring Hill,FL
Tempe,AZ
High Point,NC
Medford,OR
Danbury,CT
Elk Grove,CA
Ontario,CA
Frederick,MD
Vero Beach South,FL
Ocala,FL
Oceanside,CA
Rancho Cucamonga,CA
Garden Grove,CA
Cary,NC
Pembroke Pines,FL
Bayamón,PR
Palmdale,CA
Manchester,NH
Lafayette,IN
Santa Cruz,CA
Marysville,WA
Muskegon,MI
Springfield,IL
Hayward,CA
New Bedford,MA
Alexandria,VA
Paterson,NJ
Corona,CA
Merced,CA
Warner Robins,GA
Port Arthur,TX
Macon,GA
Kansas City,KS
Lakewood,CO
Sunnyvale,CA
Fredericksburg,VA
Leesburg,FL
Champaign,IL
Hollywood,FL
Pasadena,TX
Pomona,CA
Escondido,CA
Joliet,IL
Lake Charles,LA
Mesquite,TX
Mauldin,SC
Panama City,FL
Bellevue,WA
Naperville,IL
Harlingen,TX
Tuscaloosa,AL
Elkhart,IN
Torrance,CA
Binghamton,NY
Houma,LA
Topeka,KS
Roseville,CA
Fairfield,CA
Tyler,TX
Fullerton,CA
Pueblo,CO
Athens,GA
Santa Maria,CA
Surprise,AZ
Charleston,WV
Las Cruces,NM
Metairie,LA
Thornton,CO
Olathe,KS
Carolina,PR
Gainesville,GA
West Valley City,UT
Orange,CA
Warren,MI
Pasadena,CA
Beaumont,TX
Burlington,NC
Hampton,VA
Columbia,MO
Yuma,AZ
Elizabeth,NJ
Racine,WI
Greeley,CO
Kent,WA
Stamford,CT
Odessa,TX
Bloomington,IL
Miramar,FL
Grand Junction,CO
Sterling Heights,MI
Coral Springs,FL
Johnson City,TN
Carrollton,TX
Midland,TX
Yakima,WA
Bellingham,WA
Yuba City,CA
South Lyon,MI
Santa Clara,CA
St. George,UT
Fort Smith,AR
Simi Valley,CA
Dover,DE
Norman,OK
Abilene,TX
Billings,MT
Ponce,PR
Lehigh Acres,FL
St. Cloud,MN
Arecibo,PR
Kenosha,WI
Greenville,NC
Arvada,CO
Pearland,TX
Independence,MO
Texas City,TX
Redding,CA
Lynchburg,VA
Boulder,CO
Iowa City,IA
Rochester,MN
Berkeley,CA
Waldorf,MD
The Villages,FL
Duluth,MN
East Los Angeles,CA
Saginaw,MI
Clovis,CA
Leominster,MA
Round Rock,TX
Monroe,LA
Cambridge,MA
Clearwater,FL
Seaside,CA
West Jordan,UT
Richardson,TX
West Palm Beach,FL
Temple,TX
Burlington,VT
Richmond,CA
Westminster,CO
Pottstown,PA
Brandon,FL
Rock Hill,SC
Meridian,ID
Coeur d'Alene,ID
Carlsbad,CA
Lowell,MA
Waterloo,IA
North Charleston,SC
Gilroy,CA
Downey,CA
Gresham,OR
Elgin,IL
Utica,NY
Broken Arrow,OK
Costa Mesa,CA
Chico,CA
Sioux City,IA
League City,TX
Miami Gardens,FL
Pompano Beach,FL
San Buenaventura,CA
Everett,WA
El Centro,CA
Sugar Land,TX
El Monte,CA
Lewisville,TX
West Covina,CA
Temecula,CA
Bend,OR
Salisbury,MD
Jacksonville,NC
Inglewood,CA
Dearborn,MI
Centennial,CO
Burbank,CA
Sparks,NV
Sandy Springs,GA
Bloomington,IN
Logan,UT
Kailua,HI
El Cajon,CA
Hillsboro,OR
South Fulton,GA
Renton,WA
Mandeville,LA
San Mateo,CA
Columbia,MD
Daly City,CA
Davie,FL
Jurupa Valley,CA
Brockton,MA
Longmont,CO
Rialto,CA
San Germán,PR
Eau Claire,WI
Turlock,CA
Norwalk,CA
Highlands Ranch,CO
Allen,TX
Wichita Falls,TX
Rio Rancho,NM
Vacaville,CA
Spokane Valley,WA
Charlottesville,VA
Idaho Falls,ID
Menifee,CA
Lee's Summit,MO
Quincy,MA
San Angelo,TX
Lynn,MA
Holland,MI
Federal Way,WA
Manteca,CA
Lafayette,CO
Santa Fe,NM
Hesperia,CA
La Crosse,WI
Riverview,FL
Kingsport,TN
Edinburg,TX
Vista,CA
Bowling Green,KY
Carmel,IN
Longview,TX
Tracy,CA
Prescott Valley,AZ
Beaverton,OR
Portsmouth,NH
Portsmouth,VA
Fishers,IN
Orem,UT
Sandy,UT
Sunrise,FL
San Tan Valley,AZ
Compton,CA
Arden-Arcade,CA
Hanford,CA
Boca Raton,FL
Middletown,OH
Livonia,MI
Carson,CA
Lawrence,KS
Slidell,LA
Blacksburg,VA
San Marcos,CA
Goodyear,AZ
Edmond,OK
Mayagüez,PR
Fall River,MA
South Gate,CA
Suffolk,VA
Terre Haute,IN
Missoula,MT
Santa Monica,CA
Roswell,GA
Vineland,NJ
Plantation,FL
Alafaya,FL
Kirkland,WA
Hoover,AL
Westminster,CA
Lawton,OK
San Leandro,CA
Auburn,AL
Norwalk,CT
O'Fallon,MO
Chino,CA
Germantown,MD
Dover,NH
Bismarck,ND
Waukegan,IL
Buckeye,AZ
Town 'n' Country,FL
Clifton,NJ
Bloomington,MN
Mount Pleasant,SC
Florence,SC
Newton,MA
State College,PA
Livermore,CA
Rapid City,SD
Decatur,IL
Dalton,GA
Conroe,TX
Hawthorne,CA
Lawrence,MA
New Braunfels,TX
Citrus Heights,CA
Jackson,MI
Whittier,CA
Muncie,IN
Troy,MI
Homosassa Springs,FL
Port Huron,MI
Napa,CA
Deerfield Beach,FL
Springdale,AR
Newport Beach,CA
Anderson,IN
San Ramon,CA
Lake Forest,CA
Mission,TX
Auburn,WA
Brooklyn Park,MN
Bryan,TX
Springfield,OH
Hattiesburg,MS
Westland,MI
Cicero,IL
Albany,GA
Fort Myers,FL
Pine Hills,FL
Atascocita,TX
Buena Park,CA
Redwood City,CA
Farmington Hills,MI
Alton,IL
Melbourne,FL
Miami Beach,FL
Alhambra,CA
Williamsburg,VA
Madera,CA
Warwick,RI
Cranston,RI
Baytown,TX
Largo,FL
Silver Spring,MD
Lakewood,CA
Mountain View,CA
Kankakee,IL
Johns Creek,GA
Flagstaff,AZ
Franklin,TN
Joplin,MO
Parma,OH
Layton,UT
New Rochelle,NY
Anderson,SC
Lebanon,PA
Somerville,MA
Yauco,PR
St. Joseph,MO
Plymouth,MN
Tustin,CA
Zephyrhills,FL
Milpitas,CA
Florence,AL
Pleasanton,CA
Boynton Beach,FL
Texarkana,TX
Folsom,CA
Bellflower,CA
Pharr,TX
Homestead,FL
Valdosta,GA
Upland,CA
Evanston,IL
Newark,OH
Elizabethtown,KY
St. Augustine,FL
Rancho Cordova,CA
Alameda,CA
Chino Hills,CA
Perris,CA
Schaumburg,IL
Kendall,FL
Camarillo,CA
Anniston,AL
Sumter,SC
Jonesboro,AR
Hammond,IN
Carmichael,CA
Arlington Heights,IL
Morgantown,WV
Wyoming,MI
Cheyenne,WY
Pasco,WA
Watsonville,CA
Southfield,MI
Wausau,WI
Rochester Hills,MI
Loveland,CO
Alexandria,LA
Pittsburg,CA
Hammond,LA
South Jordan,UT
Battle Creek,MI
Bethlehem,PA
Fajardo,PR
Davis,CA
Apple Valley,CA
Pawtucket,RI
Wheeling,WV
Flower Mound,TX
Harrisonburg,VA
Cedar Park,TX
Oshkosh,WI
Winchester,VA
Caguas,PR
Ellicott City,MD
Pocatello,ID
Hilton Head Island,SC
New Britain,CT
Mansfield,OH
Woodbury,MN
Lauderhill,FL
Lehi,UT
Bolingbrook,IL
Dale City,VA
Missouri City,TX
Lake Jackson,TX
Altoona,PA
Doral,FL
Owensboro,KY
Centreville,VA
Mount Vernon,NY
Baldwin Park,CA
Broomfield,CO
Redlands,CA
Cleveland,TN
Dothan,AL
Camden,NJ
Redmond,WA
Framingham,MA
Jackson,TN
Janesville,WI
Juana Díaz,PR
Mansfield,TX
Waukesha,WI
Tamarac,FL
Wenatchee,WA
Daytona Beach,FL
Castle Rock,CO
Redondo Beach,CA
Wilmington,DE
San Marcos,TX
Union City,CA
Eldersburg,MD
Conway,AR
Bayonne,NJ
Guaynabo,PR
Rocklin,CA
Passaic,NJ
Sheboygan,WI
Casas Adobes,AZ
St. Charles,MO
Maple Grove,MN
Walnut Creek,CA
Dublin,CA
North Richland Hills,TX
Gary,IN
Glen Burnie,MD
Bristol,TN
Decatur,AL
West Bend,WI
Lodi,CA
Lima,OH
Florida,PR
Lakeville,MN
Blaine,MN
Poinciana,FL
East Orange,NJ
Noblesville,IN
Gaithersburg,MD
Lake Elsinore,CA
Palo Alto,CA
Eastvale,CA
Tulare,CA
Rogers,AR
Yorba Linda,CA
Parkersburg,WV
Eagan,MN
Weston,FL
Longview,WA
Bay City,MI
Dubuque,IA
Union City,NJ
Porterville,CA
Mount Vernon,WA
Palatine,IL
El Paso de Robles,CA
West Des Moines,IA
Lynwood,CA
Skokie,IL
Sherman,TX
Rockville,MD
Haverhill,MA
Hanover,PA
Shawnee,KS
Rome,GA
Schenectady,NY
South Hill,WA
DeKalb,IL
Petaluma,CA
Sammamish,WA
Georgetown,TX
Carbondale,IL
Delray Beach,FL
Dundalk,MD
Kenner,LA
Albany,OR
Ankeny,IA
South San Francisco,CA
Castro Valley,CA
Bethesda,MD
Saratoga Springs,NY
Corvallis,OR
Brentwood,NY
Ames,IA
Glens Falls,NY
Michigan City,IN
Victoria,TX
Malden,MA
Weirton,WV
Novi,MI
Guayama,PR
Alpharetta,GA
Wesley Chapel,FL
Waltham,MA
Laguna Niguel,CA
San Clemente,CA
North Little Rock,AR
Fairbanks,AK
Florence-Graham,CA
Eden Prairie,MN
Twin Rivers,NJ
Pflugerville,TX
Casper,WY
Burnsville,MN
Grand Forks,ND
Brentwood,CA
Millcreek,UT
Elmira,NY
Sebring,FL
La Habra,CA
Coon Rapids,MN
Bossier City,LA
Hamilton,OH
Taylor,MI
Lakewood,WA
Greenwood,IN
Bellevue,NE
Montebello,CA
Moore,OK
Council Bluffs,IA
Rowlett,TX
Spring,TX
Port Charlotte,FL
Reston,VA
Pico Rivera,CA
Dearborn Heights,MI
Port Orange,FL
Encinitas,CA
Springfield,OR
Great Falls,MT
Rocky Mount,NC
Commerce City,CO
Pontiac,MI
The Hammocks,FL
Wellington,FL
San Rafael,CA
Monterey Park,CA
La Mesa,CA
Woodland,CA
Marietta,GA
Chapel Hill,NC
Gardena,CA
Meriden,CT
Bristol,CT
Revere,MA
Medford,MA
Palm Harbor,FL
Cupertino,CA
Jupiter,FL
Hendersonville,TN
North Miami,FL
Des Plaines,IL
Taylorsville,UT
West Allis,WI
Sanford,FL
Huntersville,NC
Euless,TX
Richland,WA
Santee,CA
White Plains,NY
Hoboken,NJ
Kokomo,IN
Taunton,MA
St. Clair Shores,MI
Towson,MD
Caldwell,ID
South Whittier,CA
Orland Park,IL
Stonecrest,GA
Palm Beach Gardens,FL
Royal Oak,MI
Margate,FL
Blue Springs,MO
Shoreline,WA
Midwest City,OK
Bowie,MD
Apex,NC
Oak Lawn,IL
Carson City,NV
Fountainebleau,FL
Queen Creek,AZ
Leander,TX
Bartlett,TN
St. Cloud,FL
Coconut Creek,FL
Kettering,OH
Parker,CO
St. Peters,MO
Fountain Valley,CA
Maricopa,AZ
Berwyn,IL
National City,CA
Lenexa,KS
Highland,CA
Arcadia,CA
Mount Prospect,IL
Lake Havasu City,AZ
Tinley Park,IL
DeSoto,TX
New Brunswick,NJ
Chicopee,MA
Madison,AL
West Haven,CT
Smyrna,GA
Huntington Park,CA
Wylie,TX
Diamond Bar,CA
Apple Valley,MN
Perth Amboy,NJ
Bradenton,FL
Brookhaven,GA
Hacienda Heights,CA
Manhattan,KS
Tigard,OR
Tamiami,FL
Yucaipa,CA
Westchester,FL
Peabody,MA
Plainfield,NJ
Southaven,MS
Apopka,FL
Oak Park,IL
Horizon West,FL
Severn,MD
Paramount,CA
Colton,CA
Kentwood,MI
Aspen Hill,MD
Minnetonka,MN
Wheaton,IL
West Sacramento,CA
Casa Grande,AZ
Normal,IL
Kendale Lakes,FL
San Jacinto,CA
Novato,CA
Pinellas Park,FL
Galveston,TX
Edina,MN
Herriman,UT
Elyria,OH
Grand Island,NE
Aloha,OR
Lacey,WA
Bentonville,AR
Levittown,NY
Methuen Town,MA
West New York,NJ
Glendora,CA
Smyrna,TN
Florissant,MO
Delano,CA
Kannapolis,NC
Hoffman Estates,IL
Beaumont,CA
Placentia,CA
Aliso Viejo,CA
Wheaton,MD
Cathedral City,CA
Rosemead,CA
Burien,WA
Bozeman,MT
Florin,CA
Twin Falls,ID
Enid,OK
Country Club,FL
Dunwoody,GA
Levittown,PA
Palm Desert,CA
Covina,CA
Cuyahoga Falls,OH
Lakewood,OH
Marana,AZ
Mishawaka,IN
Columbus,IN
Troy,NY
North Bethesda,MD
Milford city ,CT
Collierville,TN
Grapevine,TX
Summerville,SC
Cypress,CA
Downers Grove,IL
Murray,UT
Catalina Foothills,AZ
East Honolulu,HI
Draper,UT
Chesterfield,MO
Cerritos,CA
Bedford,TX
St. Louis Park,MN
Azusa,CA
Euclid,OH
McLean,VA
Coral Gables,FL
Lincoln,CA
Jeffersonville,IN
Ceres,CA
Biloxi,MS
Lawrence,IN
Poway,CA
Cedar Hill,TX
Portage,MI
Rowland Heights,CA
Niagara Falls,NY
Dublin,OH
El Dorado Hills,CA
Mooresville,NC
North Highlands,CA
Antelope,CA
Spring Hill,TN
Everett,MA
University,FL
Roswell,NM
Leesburg,VA
Rancho Santa Margarita,CA
Tuckahoe,VA
Titusville,FL
Glenview,IL
Wauwatosa,WI
Stillwater,OK
Minot,ND
La Mirada,CA
Wilson,NC
Newark,CA
Roseville,MI
East Lansing,MI
Mentor,OH
Bothell,WA
San Luis Obispo,CA
Burleson,TX
East Providence,RI
Middletown,CT
Brea,CA
Salina,KS
Potomac,MD
Farmington,NM
Sicklerville,NJ
Ocoee,FL
Hilo,HI
Oro Valley,AZ
Fort Pierce,FL
Wake Forest,NC
Beavercreek,OH
Strongsville,OH
Rockwall,TX
Attleboro,MA
Winter Garden,FL
Pearl City,HI
Haltom City,TX
Altamonte Springs,FL
Hackensack,NJ
Westfield,IN
Elmhurst,IL
Bountiful,UT
Littleton,CO
Huntsville,TX
Cleveland Heights,OH
Morgan Hill,CA
Keller,TX
Kyle,TX
Little Elm,TX
Whitney,NV
Prescott,AZ
Sayreville,NJ
Urbandale,IA
Ashburn,VA
Sierra Vista,AZ
Cutler Bay,FL
Palm Springs,CA
Riverton,UT
Lake Ridge,VA
North Lauderdale,FL
Fairfield,OH
West Lafayette,IN
Goose Creek,SC
Salem,MA
Los Banos,CA
Rohnert Park,CA
Fond du Lac,WI
Brentwood,TN
Freeport,NY
Lombard,IL
Plainfield,IL
Lompoc,CA
Trujillo Alto,PR
Burke,VA
Moorhead,MN
Oakland Park,FL
Wilkes-Barre,PA
Campbell,CA
Mankato,MN
Pittsfield,MA
San Bruno,CA
Danville,CA
Concord,NH
The Colony,TX
Odenton,MD
Greenacres,FL
West Babylon,NY
Shakopee,MN
Linden,NJ
Altadena,CA
North Miami Beach,FL
Gallatin,TN
Wentzville,MO
Hicksville,NY
Jefferson City,MO
Buffalo Grove,IL
Woonsocket,RI
Oakley,CA
Eagle Mountain,UT
Catonsville,MD
Woodbridge,VA
Ormond Beach,FL
Moline,IL
Huber Heights,OH
Edmonds,WA
Manassas,VA
Danville,VA
Pahrump,NV
Belleville,IL
Beverly,MA
Midland,MI
Coppell,TX
Channelview,TX
Puyallup,WA
Rancho Palos Verdes,CA
Coachella,CA
Linton Hall,VA
Peachtree Corners,GA
Woodlawn,MD
Pine Bluff,AR
Spanish Fork,UT
Annandale,VA
Fitchburg,MA
Kearny,NJ
Maplewood,MN
Mableton,GA
Schertz,TX
Newnan,GA
Clermont,FL
North Fort Myers,FL
Marlborough,MA
Vineyard,CA
Coram,NY
Bartlett,IL
Hollister,CA
Bullhead City,AZ
Lancaster,TX
Grove City,OH
Marion,IA
Brookfield,WI
Delaware,OH
Hallandale Beach,FL
Woburn,MA
Columbia,TN
Germantown,TN
Shelton,CT
Covington,KY
Westfield,MA
Friendswood,TX
The Acreage,FL
Essex,MD
Culver City,CA
Annapolis,MD
Duncanville,TX
Cedar Falls,IA
Milton,GA
Weslaco,TX
Lake Oswego,OR
Lancaster,OH
Findlay,OH
Valley Stream,NY
New Berlin,WI
Hutchinson,KS
Holly Springs,NC
French Valley,CA
Security-Widefield,CO
Hurst,TX
Romeoville,IL
Crystal Lake,IL
Chelsea,MA
Waipahu,HI
Clinton,MD
Meadow Woods,FL
Carol Stream,IL
Brighton,CO
Bell Gardens,CA
Waxahachie,TX
Reynoldsburg,OH
Lincoln Park,MI
Streamwood,IL
Aventura,FL
Fort Lee,NJ
Quincy,IL
San Gabriel,CA
Valrico,FL
Indian Trail,NC
Park Ridge,IL
Hobbs,NM
Cape Girardeau,MO
Oviedo,FL
Warren,OH
Plant City,FL
Urbana,IL
Olive Branch,MS
Keizer,OR
Severna Park,MD
Wheeling,IL
Roy,UT
Issaquah,WA
Westerville,OH
Grants Pass,OR
Lynnwood,WA
Calexico,CA
Mission Bend,TX
Royal Palm Beach,FL
Land O' Lakes,FL
Bettendorf,IA
Pacifica,CA
Cottage Grove,MN
Clovis,NM
Vestavia Hills,AL
La Presa,CA
Holyoke,MA
Evans,GA
La Puente,CA
Apache Junction,AZ
Menomonee Falls,WI
Phenix City,AL
Stanton,CA
Post Falls,ID
La Vergne,TN
Parkland,WA
East Meadow,NY
Mount Juliet,TN
Hot Springs,AR
Winter Springs,FL
Monrovia,CA
Prattville,AL
Carpentersville,IL
West Fargo,ND
Northglenn,CO
East Point,GA
Tupelo,MS
Rosenberg,TX
Montclair,CA
Peachtree City,GA
La Quinta,CA
Mechanicsville,VA
Sun City,AZ
Richmond West,FL
Greenfield,WI
Owasso,OK
Hanover Park,IL
Portage,IN
Rock Island,IL
Lebanon,TN
Foothill Farms,CA
New Albany,IN
Martinez,CA
Riviera Beach,FL
Adelanto,CA
Pleasant Grove,UT
Leavenworth,KS
Muskogee,OK
Oregon City,OR
Bartlesville,OK
Saratoga Springs,UT
Kendall West,FL
Richfield,MN
Kearns,UT
Tucker,GA
Elmont,NY
Franklin,WI
Oakton,VA
Lewiston,ME
South Valley,NM
Beloit,WI
Upper Arlington,OH
DeLand,FL
Temple City,CA
Wildomar,CA
Chillum,MD
Princeton,FL
Claremont,CA
Winchester,NV
Central Islip,NY
Georgetown,KY
Oak Creek,WI
Commack,NY
South Miami Heights,FL
Moorpark,CA
Merrillville,IN
Estero,FL
Egypt Lake-Leto,FL
Roseville,MN
Dunedin,FL
Farmers Branch,TX
Calumet City,IL
Marion,OH
Addison,IL
Buenaventura Lakes,FL
Westmont,CA
Lauderdale Lakes,FL
Richmond,IN
Carrollwood,FL
Olney,MD
Orangevale,CA
West Hollywood,CA
Randallstown,MD
Gahanna,OH
Meridian,MS
Norristown,PA
Manhattan Beach,CA
La Porte,TX
Inver Grove Heights,MN
Hilliard,OH
Sun Prairie,WI
Copperas Cove,TX
Torrington,CT
El Mirage,AZ
Wildwood,MO
San Juan,TX
Oakville,MO
San Juan Capistrano,CA
Midvale,UT
San Luis,AZ
Brunswick,OH
Salisbury,NC
Tooele,UT
Watertown Town,MA
Owings Mills,MD
Greer,SC
Lake Stevens,WA
Northbrook,IL
College Park,MD
University City,MO
North Ridgeville,OH
Del Rio,TX
Fair Lawn,NJ
Long Beach,NY
Goshen,IN
San Dimas,CA
Springville,UT
Benton,AR
Hinesville,GA
Socorro,TX
Spanaway,WA
Richmond,KY
Pleasant Hill,CA
University Place,WA
Stow,OH
Kaneohe,HI
Montgomery Village,MD
Fruit Cove,FL
Monroe,NC
Fair Oaks,VA
Douglasville,GA
Fairborn,OH
Butte,MT
Dakota Ridge,CO
Oildale,CA
Mason,OH
Oswego,IL
Gadsden,AL
Plainfield,IN
Manitowoc,WI
Lufkin,TX
Cedar City,UT
Deer Park,TX
McMinnville,OR
Woodridge,IL
Eastpointe,MI
Prairieville,LA
New City,NY
Cookeville,TN
Huntington Station,NY
Westlake,OH
Merritt Island,FL
Lewiston,ID
Golden Glades,FL
Bell,CA
Midlothian,TX
Ken Caryl,CO
Cooper City,FL
Woodstock,GA
Martinez,GA
South Riding,VA
Valparaiso,IN
Parkland,FL
Walla Walla,WA
Leawood,KS
Graham,WA
Rexburg,ID
Menlo Park,CA
Cottonwood Heights,UT
Kearney,NE
Pikesville,MD
Sahuarita,AZ
Crown Point,IN
Foster City,CA
Timberwood Park,TX
Englewood,CO
Glendale Heights,IL
Bethel Park,PA
Baldwin,NY
Dana Point,CA
Los Gatos,CA
Brooklyn Center,MN
West Little River,FL
Petersburg,VA
Goldsboro,NC
Redmond,OR
Fuquay-Varina,NC
Alabaster,AL
Gillette,WY
Kennesaw,GA
Fallbrook,CA
Pueblo West,CO
Pullman,WA
Spring Valley,NY
St. Charles,IL
Beverly Hills,CA
Spring Valley,CA
American Fork,UT
Chester,PA
Uniondale,NY
Elk Grove Village,IL
East Lake,FL
Redan,GA
Goleta,CA
Des Moines,WA
Sherwood,AR
Kiryas Joel,NY
Garfield,NJ
Andover,MN
Kaysville,UT
Statesboro,GA
Pekin,IL
Franklin Square,NY
North Olmsted,OH
Nacogdoches,TX
Canton,GA
Wheat Ridge,CO
Harker Heights,TX
Rochester,NH
Rome,NY
Juneau,AK
Kingman,AZ
Massillon,OH
Savage,MN
Helena,MT
Lawndale,CA
Desert Hot Springs,CA
Centereach,NY
San Pablo,CA
Windsor,CO
O'Fallon,IL
Marrero,LA
West Odessa,TX
Bangor,ME
Ithaca,NY
Clearfield,UT
Springfield,VA
Fair Oaks,CA
Holladay,UT
Long Branch,NJ
Syracuse,UT
Dania Beach,FL
Florence,KY
Mundelein,IL
Naugatuck,CT
Pasadena,MD
Los Altos,CA
Carlsbad,NM
Aiken,SC
Duluth,GA
Laramie,WY
Cibolo,TX
Bay Shore,NY
La Verne,CA
Laguna Hills,CA
Atwater,CA
Newark,DE
Port Chester,NY
Maryville,TN
Shawnee,OK
Lake Magdalene,FL
Sterling,VA
Alamogordo,NM
Saratoga,CA
Oceanside,NY
North Royalton,OH
Burlingame,CA
Lakeside,FL
Oak Ridge,TN
Nicholasville,KY
New Bern,NC
LaGrange,GA
West Falls Church,VA
Ballwin,MO
Cleburne,TX
Niles,IL
Bel Air North,MD
Westfield,NJ
Orcutt,CA
Cornelius,NC
SeaTac,WA
Garner,NC
Gurnee,IL
Opelika,AL
Parkville,MD
Hopkinsville,KY
Southlake,TX
San Carlos,CA
Santa Paula,CA
Princeton,NJ
Bowling Green,OH
Milford Mill,MD
Canyon Lake,TX
North Chicago,IL
Middle River,MD
Drexel Heights,AZ
North Tonawanda,NY
Miami Lakes,FL
Ferry Pass,FL
San Lorenzo,CA
Granger,IN
Morristown,TN
Weatherford,TX
Northport,AL
Lawrenceville,GA
Galesburg,IL
Zionsville,IN
Highland Park,IL
Austintown,OH
Greenville,MS
Liberty,MO
Middletown,NY
Sanford,NC
Monterey,CA
East Lake-Orient Park,FL
Southgate,MI
Eastern Goleta Valley,CA
Chamblee,GA
Raytown,MO
East Palo Alto,CA
Carney,MD
Algonquin,IL
Bella Vista,AR
Gloucester,MA
Crofton,MD
Atascadero,CA
Central,LA
Oak Park,MI
New Smyrna Beach,FL
Winter Park,FL
Eagle,ID
Banning,CA
Garfield Heights,OH
Rahway,NJ
Melrose,MA
Danville,IL
Burton,MI
Hobart,IN
Fleming Island,FL
Fountain,CO
Texarkana,AR
Laurel,MD
Suisun City,CA
Fridley,MN
Matthews,NC
Lakewood Ranch,FL
Jacksonville,AR
Schererville,IN
Northampton,MA
Erie,CO
Fitchburg,WI
Hazleton,PA
Paragould,AR
Burbank,IL
Seguin,TX
Bethany,OR
Golden Gate,FL
Kirkwood,MO
Shaker Heights,OH
Perry Hall,MD
Englewood,NJ
Laplace,LA
Magna,UT
East Niles,CA
Russellville,AR
Lake in the Hills,IL
Lansing,IL
Summerlin South,NV
New Iberia,LA
Prosper,TX
Morrisville,NC
Jamestown,NY
Oakleaf Plantation,FL
Jeffersontown,KY
Casselberry,FL
Madison Heights,MI
Mehlville,MO
Walnut,CA
Harrison,NY
Monroeville,PA
McDonough,GA
Stockbridge,GA
Drexel Hill,PA
Glen Ellyn,IL
Aberdeen,SD
Frankfort,KY
Allen Park,MI
Brownsburg,IN
Orchards,WA
Eagle Pass,TX
Forest Hills,MI
Bergenfield,NJ
Independence,KY
Enterprise,AL
Henderson,KY
Glen Cove,NY
Maryland Heights,MO
Greenville,TX
Ewa Gentry,HI
Belmont,CA
Bixby,OK
Lathrop,CA
Shirley,NY
Garden City,KS
Oakdale,MN
South Laurel,MD
Ridgecrest,CA
Mililani Town,HI
Millville,NJ
Kahului,HI
Reisterstown,MD
Kent,OH
Williamsport,PA
Dodge City,KS
Wilmette,IL
Easton,PA
Chicago Heights,IL
Clinton,MS
Tualatin,OR
Statesville,NC
Marion,IN
Washington,UT
Immokalee,FL
Maple Valley,WA
Bluffton,SC
New London,CT
Mount Pleasant,WI
Marshalltown,IA
West Islip,NY
Hamtramck,MI
Temescal Valley,CA
Lemon Grove,CA
Ilchester,MD
Wasco,CA
Rockledge,FL
Chaska,MN
Madison,MS
Oak Forest,IL
Citrus Park,FL
Ramsey,MN
Mason City,IA
Balch Springs,TX
Williston,ND
Converse,TX
Monsey,NY
Clarksburg,MD
Granite City,IL
Short Pump,VA
Huntley,IL
Garden City,MI
Green,OH
Fremont,NE
Prior Lake,MN
McHenry,IL
Neenah,WI
Benicia,CA
Twentynine Palms,CA
West Linn,OR
Lindenhurst,NY
Plum,PA
Daphne,AL
Pearl,MS
Lochearn,MD
Alvin,TX
Hutto,TX
Holbrook,NY
New Lenox,IL
Thomasville,NC
Crestview,FL
Sun City Center,FL
Auburn,NY
Shoreview,MN
South Pasadena,CA
Gladstone,MO
Deer Park,NY
Sachse,TX
Key West,FL
Carrollton,GA
Eureka,CA
Wooster,OH
Asheboro,NC
Fortuna Foothills,AZ
Vernon Hills,IL
Leisure City,FL
Plainview,NY
Paramus,NJ
Lemoore,CA
Horn Lake,MS
Palm Springs,FL
Superior,WI
Temple Terrace,FL
Windsor,CA
Ruskin,FL
Haines City,FL
East Chicago,IN
Brawley,CA
South Portland,ME
Sanger,CA
Cabot,AR
Kernersville,NC
Suitland,MD
Imperial Beach,CA
Owatonna,MN
Sun City West,AZ
West Whittier-Los Nietos,CA
Union City,GA
Batavia,IL
Paducah,KY
Mint Hill,NC
Homewood,AL
Big Spring,TX
Winona,MN
Norco,CA
Bessemer,AL
Tysons,VA
Troy,OH
South Salt Lake,UT
Lockport,IL
Hercules,CA
Austin,MN
Medina,OH
Ridgewood,NJ
Lodi,NJ
Oak Ridge,FL
Grandview,MO
Columbine,CO
El Cerrito,CA
Wilsonville,OR
West Chicago,IL
Woodburn,OR
Coral Terrace,FL
Oxford,MS
Inkster,MI
Fort Washington,MD
Woodstock,IL
Colleyville,TX
Camas,WA
Rockville Centre,NY
West Melbourne,FL
Forest Grove,OR
Holt,MI
Stevens Point,WI
North Tustin,CA
Ives Estates,FL
Chanhassen,MN
Cloverleaf,TX
Mill Creek East,WA
Ladera Ranch,CA
Cliffside Park,NJ
Rosemount,MN
Mercer Island,WA
Palm River-Clair Mel,FL
Clayton,NC
Palm City,FL
Maywood,CA
Elk River,MN
Hazelwood,MO
Melrose Park,IL
Kingsville,TX
Xenia,OH
Keystone,FL
Terrytown,LA
Galt,CA
Lafayette,CA
Ottumwa,IA
Derby,KS
Silver Springs Shores,FL
Staunton,VA
Florence,AZ
Moscow,ID
Salem,VA
Fairland,MD
Newport,RI
Barberton,OH
Peekskill,NY
Caledonia,WI
Pooler,GA
Cave Spring,VA
Hastings,NE
Edwardsville,IL
De Pere,WI
Seal Beach,CA
Athens,AL
Jenks,OK
Bayonet Point,FL
Belvidere,IL
Okemos,MI
Watertown,NY
Reedley,CA
Walker,MI
Tarpon Springs,FL
Barstow,CA
Franklin,IN
Newberg,OR
Soledad,CA
Carteret,NJ
Sandusky,OH
Arnold,MD
Bloomingdale,FL
Norton Shores,MI
University Park,TX
Trussville,AL
Avon Lake,OH
Edgewood,MD
Morton Grove,IL
Bay Point,CA
Wyandotte,MI
Muskego,WI
Romulus,MI
South Bradenton,FL
Norfolk,NE
Northdale,FL
Marysville,OH
Brandon,MS
Venice,FL
Tumwater,WA
Dickinson,ND
Sebastian,FL
Ardmore,OK
Somerset,NJ
Fort Dodge,IA
Mequon,WI
Wright,FL
San Benito,TX
Zanesville,OH
Apollo Beach,FL
Fort Hood,TX
Moses Lake,WA
Dix Hills,NY
Riverbank,CA
Loma Linda,CA
Medford,NY
Port St. John,FL
West Memphis,AR
Homer Glen,IL
Zion,IL
Socastee,SC
Clinton,IA
Carolina Forest,SC
Perrysburg,OH
Westmont,IL
Collinsville,IL
Greenbelt,MD
Sugar Hill,GA
Corsicana,TX
Starkville,MS
Herndon,VA
North Lynnwood,WA
Bainbridge Island,WA
Selma,CA
Avon,OH
White Bear Lake,MN
Elmwood Park,IL
Landover,MD
Athens,OH
Bailey's Crossroads,VA
Ponca City,OK
Riverside,OH
Fish Hawk,FL
North Potomac,MD
Paris,TX
Dinuba,CA
Rosemont,CA
Decatur,GA
Ridgeland,MS
Palmetto Bay,FL
Denison,TX
Faribault,MN
Rolling Meadows,IL
Centerville,OH
Oak Harbor,WA
Kalispell,MT
South Plainfield,NJ
Benbrook,TX
North Laurel,MD
Emporia,KS
Auburn Hills,MI
Westchase,FL
Burlington,IA
Pelham,AL
Elkridge,MD
Freeport,IL
San Fernando,CA
Kerrville,TX
Solon,OH
Fort Mill,SC
Wekiwa Springs,FL
North Augusta,SC
Willowbrook,CA
Allendale,MI
Farmington,UT
Lisle,IL
Fairfax,VA
Kingston,NY
Columbus,NE
Fresno,TX
Champlin,MN
Papillion,NE
Columbus,MS
King of Prussia,PA
Belton,MO
Lutz,FL
Webster Groves,MO
Cockeysville,MD
Auburn,ME
Wadsworth,OH
Mandan,ND
Kuna,ID
Muscatine,IA
Willoughby,OH
South Elgin,IL
Munster,IN
Yukon,OK
Highland,IN
Saginaw,TX
Watauga,TX
Ashland,CA
Fountain Hills,AZ
Chantilly,VA
West Springfield,VA
Kenmore,WA
Copiague,NY
Roseburg,OR
Maywood,IL
North Platte,NE
Cataño,PR
Pace,FL
Vega Baja,PR
Patterson,CA
Maple Heights,OH
Rock Springs,WY
Jacksonville Beach,FL
Happy Valley,OR
Waukee,IA
Brookings,SD
Johnston,IA
Calabasas,CA
Farragut,TN
Taylors,SC
Jasmine Estates,FL
Waverly,MI
Linda,CA
Griffin,GA
New Brighton,MN
Farmington,MN
Kapolei,HI
Loves Park,IL
Van Buren,AR
Clinton,UT
Simpsonville,SC
Christiansburg,VA
Allison Park,PA
Trotwood,OH
Crystal,MN
Mountain House,CA
Laguna Beach,CA
Ballenger Creek,MD
Eastmont,WA
Garden City,NY
Millbrae,CA
Searcy,AR
Lexington,SC
Gardner,KS
Union Hill-Novelty Hill,WA
Junction City,KS
Watertown,WI
Greenfield,IN
Hopewell,VA
Oakdale,CA
Shelbyville,TN
Cudahy,CA
West Puente Valley,CA
Hudson,OH
Middletown,DE
Roselle,IL
Brushy Creek,TX
Keene,NH
Edgewater,FL
East San Gabriel,CA
Blue Island,IL
Nixa,MO
Hialeah Gardens,FL
Camp Springs,MD
Candler-McAfee,GA
Machesney Park,IL
Belton,TX
Marshall,TX
Kihei,HI
Radcliff,KY
Prairie Village,KS
Leland,NC
Oxford,OH
Cottage Lake,WA
Forney,TX
Villa Park,IL
Anthem,AZ
Raymore,MO
East Peoria,IL
Pickerington,OH
Duncan,OK
Easley,SC
North Plainfield,NJ
Cartersville,GA
Sun Valley,NV
Corcoran,CA
Bellview,FL
Summit,NJ
Woodlawn,VA
Watertown,SD
Eustis,FL
Chester,VA
Roselle,NJ
Bloomingdale,IL
The Crossings,FL
Greenwood,SC
Fernley,NV
Biddeford,ME
Acworth,GA
Ruston,LA
Hillsborough,NJ
Albertville,AL
Martha Lake,WA
Massapequa,NY
Golden Valley,MN
Marina,CA
Sunny Isles Beach,FL
Bonney Lake,WA
Coralville,IA
Corinth,TX
Oxford,AL
Central Falls,RI
Mountain Brook,AL
Clarksville,IN
Florida Ridge,FL
Waynesboro,VA
Chambersburg,PA
Silver Firs,WA
Cherry Hill,VA
Bloomington,CA
Darien,IL
Horizon City,TX
Hastings,MN
Chillicothe,OH
West Carson,CA
Rancho San Diego,CA
DeBary,FL
Ensley,FL
West Rancho Dominguez,CA
Conway,SC
Pascagoula,MS
La Porte,IN
New Castle,PA
Brambleton,VA
Chalmette,LA
Winter Gardens,CA
East Ridge,TN
Montclair,VA
West Pensacola,FL
Port Hueneme,CA
Parsippany,NJ
Katy,TX
Gallup,NM
Hayesville,OR
South Euclid,OH
Mount Pleasant,MI
Alliance,OH
Ramona,CA
Sapulpa,OK
East Patchogue,NY
Fairhope,AL
Sanford,ME
Valinda,CA
Del City,OK
Vicksburg,MS
American Canyon,CA
Birmingham,MI
Evans,CO
Duarte,CA
Four Square Mile,CO
Brent,FL
Klamath Falls,OR
Bayou Cane,LA
Sedalia,MO
Ashland,KY
New Hope,MN
Granite Bay,CA
Yucca Valley,CA
Mililani Mauka,HI
Frederickson,WA
Hazel Dell,WA
Middleton,WI
Bear,DE
Columbia Heights,MN
Dolton,IL
Shelby,NC
Tukwila,WA
North Bellmore,NY
South Holland,IL
Rocky River,OH
Lennox,CA
Sulphur,LA
Geneva,IL
Rose Hill,VA
Secaucus,NJ
Holiday,FL
North Salt Lake,UT
Mukilteo,WA
Liberty Triangle,FL
Lorton,VA
Lakeside,CA
St. Andrews,SC
Park Forest,IL
South Lake Tahoe,CA
Ashland,OR
Dickinson,TX
Silverdale,WA
Baldwin,PA
Selden,NY
Elmwood Park,NJ
Carrboro,NC
Lealman,FL
Mountlake Terrace,WA
Pleasant Prairie,WI
Seymour,IN
Gardner,MA
East Moline,IL
Lino Lakes,MN
Milwaukie,OR
Payson,UT
Louisville,CO
Lindenwold,NJ
Clemmons,NC
Merrick,NY
McNair,VA
Harvey,LA
Rio Rico,AZ
Lomita,CA
Wade Hampton,SC
Lockport,NY
Ozark,MO
Hays,KS
Makakilo,HI
Avon,IN
Mineola,NY
Grayslake,IL
Willmar,MN
Murrysville,PA
Arnold,MO
Fort Walton Beach,FL
Hyattsville,MD
South Milwaukee,WI
Germantown,WI
Lebanon,OH
Langley Park,MD
Parma Heights,OH
Harvey,IL
West Hempstead,NY
Green Valley,AZ
Lincolnia,VA
North Ogden,UT
Mead Valley,CA
Helena,AL
Adrian,MI
Pittsburg,KS
Mill Creek,WA
Murphy,TX
South St. Paul,MN
Suwanee,GA
Coronado,CA
Libertyville,IL
La Cañada Flintridge,CA
Covington,WA
Tullahoma,TN
Rosamond,CA
Marquette,MI
Sidney,OH
Bethany,OK
Battle Ground,WA
Pleasantville,NJ
Stephenville,TX
Yorkville,IL
West St. Paul,MN
Snellville,GA
Ypsilanti,MI
Five Corners,WA
Oroville,CA
Bryant,AR
Elko,NV
Old Jamestown,MO
Hanahan,SC
Northfield,MN
Forest Lake,MN
Agoura Hills,CA
Piqua,OH
Monroe,MI
Lynbrook,NY
Painesville,OH
Crest Hill,IL
Rosedale,MD
Palisades Park,NJ
Glassboro,NJ
Sherwood,OR
East Northport,NY
Perry,GA
Saco,ME
Marion Oaks,FL
Bothell West,WA
Plainview,TX
Foley,AL
La Crescenta-Montrose,CA
Clifton,CO
Palm Valley,FL
Mayfield Heights,OH
Montrose,CO
Montgomery,IL
Westbrook,ME
Sherrelwood,CO
Shenandoah,LA
South Burlington,VT
Golden,CO
Frankfort,IL
Mesquite,NV
Whitehall,OH
Morristown,NJ
East Hemet,CA
Imperial,CA
North Liberty,IA
World Golf Village,FL
Plattsburgh,NY
Hauppauge,NY
Albany,CA
Rolla,MO
Pecan Grove,TX
Ennis,TX
Forest Park,OH
Oregon,OH
Sand Springs,OK
Portland,TX
Mokena,IL
Shafter,CA
Prunedale,CA
Port Angeles,WA
Kinston,NC
Evergreen Park,IL
Monroe,WA
Miamisburg,OH
Carlisle,PA
South El Monte,CA
Forest Park,GA
Mustang,OK
Arlington,WA
Nogales,AZ
Howard,WI
Broadview Heights,OH
North Amityville,NY
Salmon Creek,WA
Lake Zurich,IL
St. John,IN
Casa de Oro-Mount Helix,CA
Hermosa Beach,CA
Westminster,MD
South San Jose Hills,CA
Culpeper,VA
Bayshore Gardens,FL
Homewood,IL
Shelbyville,IN
Lackawanna,NY
Englewood,FL
Universal City,TX
Arbutus,MD
Waxhaw,NC
Prichard,AL
Alamo,TX
West Mifflin,PA
Nanuet,NY
Midway,FL
Nocatee,FL
Meadowbrook,VA
Altamont,OR
Arvin,CA
Otsego,MN
Seabrook,MD
Hunters Creek,FL
Valle Vista,CA
Ashland,OH
Madisonville,KY
Stevenson Ranch,CA
Brookfield,IL
Warrensburg,MO
Hawthorne,NJ
Erlanger,KY
Hurricane,UT
Orinda,CA
Holtsville,NY
Lake Forest,IL
East St. Louis,IL
Sweetwater,FL
Lynn Haven,FL
Ferndale,MI
Angleton,TX
Lake Shore,MD
Brigham City,UT
Lexington,NC
Syosset,NY
Altoona,IA
Liberal,KS
Haslett,MI
Orange,TX
Cutlerville,MI
Zachary,LA
Stillwater,MN
Punta Gorda,FL
Deerfield,IL
Badger,AK
Seminole,FL
Twinsburg,OH
Ellensburg,WA
Wallingford Center,CT
Naples,FL
Lumberton,NC
Claremore,OK
Five Forks,SC
Maitland,FL
Hermiston,OR
White Oak,OH
Sartell,MN
Preakness,NJ
Merrifield,VA
Maumelle,AR
Pinole,CA
Tinton Falls,NJ
Matteson,IL
Dixon,CA
Arcata,CA
Alsip,IL
Cumberland,MD
Midlothian,VA
East Massapequa,NY
Winchester,KY
Sylvania,OH
Cedar Mill,OR
Norwood,OH
Bourbonnais,IL
Durango,CO
Central Point,OR
Ansonia,CT
Gautier,MS
Affton,MO
Highland,UT
Fox Crossing,WI
Franklin Farm,VA
Augusta,ME
Cocoa,FL
Bartow,FL
Rosedale,CA
Brownwood,TX
Hopkins,MN
Bradfordville,FL
Thomasville,GA
Point Pleasant,NJ
Greenfield,CA
Springboro,OH
Chowchilla,CA
Ferguson,MO
Altus,OK
Harrison,NJ
Santa Fe Springs,CA
Bensenville,IL
Rutherford,NJ
Bellwood,IL
Colonia,NJ
North Babylon,NY
Ronkonkoma,NY
Beltsville,MD
Oxon Hill,MD
Concord,MO
Onalaska,WI
Buckhall,VA
Berea,OH
Round Lake,IL
Ottawa,IL
Wisconsin Rapids,WI
Marshfield,WI
Sheridan,WY
Creve Coeur,MO
Johnstown,PA
Fayetteville,GA
Country Walk,FL
Cimarron Hills,CO
Knightdale,NC
Sudley,VA
Phelan,CA
Brook Park,OH
West Chester,PA
San Carlos Park,FL
North Massapequa,NY
Newton,KS
Melville,NY
Springfield,TN
Palestine,TX
North Bay Shore,NY
Lansdale,PA
North Myrtle Beach,SC
Nederland,TX
Martinsburg,WV
Trenton,MI
Parole,MD
Fairwood,WA
Lakeway,TX
Logansport,IN
Elizabeth City,NC
Nipomo,CA
Phoenixville,PA
Franklin Park,IL
Albert Lea,MN
Selma,AL
Arroyo Grande,CA
Dover,NJ
Harrisburg,NC
Hybla Valley,VA
Tallmadge,OH
Pinecrest,FL
Cinco Ranch,TX
Burlington,KY
Palos Hills,IL
Kingstowne,VA
Portsmouth,OH
Fairmont,WV
Durant,OK
North Valley Stream,NY
Wantagh,NY
Clive,IA
Niles,OH
Tillmans Corner,AL
Republic,MO
Franconia,VA
Manchester,MO
Tavares,FL
Newburyport,MA
Knik-Fairview,AK
Ocean Springs,MS
Seagoville,TX
Schofield Barracks,HI
Gibsonton,FL
McAlester,OK
Amsterdam,NY
Kingsland,GA
Lake Ronkonkoma,NY
Lenoir,NC
St. Marys,GA
Cudahy,WI
Trinity,FL
Steiner Ranch,TX
Menasha,WI
Lebanon,OR
Willimantic,CT
St. Michael,MN
Sycamore,IL
North Druid Hills,GA
Upper Grand Lagoon,FL
Charleston,IL
Colonial Heights,VA
Blythe,CA
Steubenville,OH
Jacksonville,IL
Burke Centre,VA
Natchitoches,LA
Ashtabula,OH
Canby,OR
Bostonia,CA
La Marque,TX
Scarsdale,NY
Maryland City,MD
Boone,NC
White Settlement,TX
Sevierville,TN
Roosevelt,NY
Castaic,CA
Alice,TX
Alton,TX
Centralia,WA
Crowley,TX
Oconomowoc,WI
Redland,MD
Dumont,NJ
Laurel,VA
Farmington,MO
Shorewood,IL
McKeesport,PA
Cohoes,NY
Cary,IL
Bay City,TX
Groveland,FL
Cullman,AL
North Aurora,IL
Ocean Acres,NJ
North Canton,OH
Panama City Beach,FL
Tiffin,OH
Bon Air,VA
Gretna,LA
Godfrey,IL
El Dorado,AR
Cameron Park,CA
Calverton,MD
Winder,GA
Troy,AL
Anoka,MN
Eastlake,OH
New River,AZ
Brownsville,FL
Mount Washington,KY
Spanish Lake,MO
Idylwood,VA
Iselin,NJ
Estelle,LA
Bethpage,NY
Wayne,MI
New Philadelphia,OH
Bryn Mawr-Skyway,WA
Takoma Park,MD
Humacao,PR
Kirksville,MO
Pataskala,OH
St. Matthews,KY
Cortland,NY
Havelock,NC
Jenison,MI
Coalinga,CA
Laguna Woods,CA
Lemont,IL
Goodlettsville,TN
Woodcrest,CA
Lake Butler,FL
New Castle,IN
Centerton,AR
Anacortes,WA
Glassmanor,MD
Hope Mills,NC
Norcross,GA
Fate,TX
Ammon,ID
Morganton,NC
Brenham,TX
Oak Grove,OR
Laurel,MS
South Ogden,UT
Wahiawa,HI
Mount Holly,NC
Boerne,TX
Streetsboro,OH
Milledgeville,GA
Stuart,FL
Woodmere,NY
West Columbia,SC
Bellaire,TX
Beckley,WV
Fulshear,TX
Pinehurst,NC
El Segundo,CA
Fort Thomas,KY
Murray,KY
Clemson,SC
Glenvar Heights,FL
Camano,WA
Lebanon,IN
Mebane,NC
Rio Linda,CA
Stafford,TX
Fairview Park,OH
Hannibal,MO
El Reno,OK
Danville,KY
Cañon City,CO
Defiance,OH
Massapequa Park,NY
Hinsdale,IL
Gainesville,TX
East Riverdale,MD
Avenel,NJ
Rancho Mirage,CA
Ferndale,MD
Tifton,GA
Pinewood,FL
Aurora,OH
Oswego,NY
Conyers,GA
Safety Harbor,FL
Hillcrest Heights,MD
Terrell,TX
Gainesville,VA
Manassas Park,VA
Groves,TX
Los Lunas,NM
Norwalk,OH
Ashwaubenon,WI
Myrtle Grove,FL
Huntington,IN
Bristol,VA
Belle Glade,FL
Mattoon,IL
Adelphi,MD
Flowing Wells,AZ
Marion,IL
Live Oak,CA
Damascus,MD
Siloam Springs,AR
Shelbyville,KY
Kaukauna,WI
Calhoun,GA
West Haven,UT
New Milford,NJ
Easton,MD
Farmingville,NY
Clayton,MO
Vincennes,IN
Mount Vernon,OH
Bridgeview,IL
Villa Rica,GA
Pendleton,OR
Wixom,MI
Truckee,CA
Aberdeen,WA
Westchester,IL
Madison,NJ
Pampa,TX
Buford,GA
Port Washington,NY
Ada,OK
Graham,NC
Anna,TX
Laconia,NH
La Vista,NE
Storrs,CT
Moraga,CA
Country Club Hills,IL
Fort Carson,CO
Donna,TX
Hernando,MS
Ukiah,CA
Menomonie,WI
Centerville,UT
Bull Run,VA
Powder Springs,GA
Hueytown,AL
Princeton,TX
Ocean Pointe,HI
Millbrook,AL
East Highland Park,VA
Lake St. Louis,MO
Washougal,WA
Dallas,OR
Long Beach,MS
Palmetto Estates,FL
Four Corners,OR
Bellmore,NY
Humble,TX
Fairview Heights,IL
Red Wing,MN
Johnstown,CO
Beaver Dam,WI
Morton,IL
Bluffdale,UT
Hampton Bays,NY
Celina,TX
Ojus,FL
Sunland Park,NM
Cloverly,MD
Douglas,AZ
Clearlake,CA
Vienna,VA
Lake Mary,FL
McKinleyville,CA
Walnut Park,CA
South Venice,FL
Center Point,AL
Dyer,IN
Heber,UT
Addison,TX
Vincent,CA
Wolf Trap,VA
Artesia,CA
Ham Lake,MN
Pearl River,NY
Fillmore,CA
North Decatur,GA
South Houston,TX
Grosse Pointe Woods,MI
Troutdale,OR
New Port Richey,FL
Sunnyside,WA
North Arlington,NJ
Stanford,CA
Fort Hunt,VA
Poplar Bluff,MO
Albemarle,NC
Lemay,MO
Opa-locka,FL
Susanville,CA
Sayville,NY
Crawfordsville,IN
Mercedes,TX
Olivehurst,CA
Welby,CO
Vero Beach,FL
Hermitage,PA
Dyersburg,TN
Jasper,IN
Payson,AZ
Hibbing,MN
La Grange,IL
Fairburn,GA
Tahlequah,OK
Griffith,IN
Radford,VA
Floral Park,NY
Aberdeen,MD
Lake Wales,FL
Taylor,TX
Americus,GA
Warrington,FL
Frankfort,IN
Colonial Park,PA
Spanish Springs,NV
Fullerton,PA
Calera,AL
Buffalo,MN
Parkway,CA
South River,NJ
Clarksburg,WV
Dublin,GA
Mount Pleasant,TX
Red Hill,SC
River Falls,WI
Sikeston,MO
Bay Village,OH
Grandville,MI
Prospect Heights,IL
Kings Park,NY
Washington,IL
Summerfield,MD
Gatesville,TX
West Richland,WA
Murraysville,NC
Middleburg Heights,OH
Hot Springs Village,AR
Muscle Shoals,AL
Ripon,CA
Fremont,OH
Firestone,CO
The Dalles,OR
Saraland,AL
Rutland,VT
Stallings,NC
Marco Island,FL
Bellevue,WI
New Haven,IN
Coos Bay,OR
Gardendale,AL
Overland,MO
Warsaw,IN
Richmond Hill,GA
Fort Drum,NY
Berea,SC
Aldine,TX
Opelousas,LA
Coto de Caza,CA
Waterville,ME
Fort Mohave,AZ
St. Simons,GA
Mountain Home,ID
Hollins,VA
Dixon,IL
Dickson,TN
New Cassel,NY
Mount Dora,FL
Sulphur Springs,TX
Lithia Springs,GA
Jamestown,ND
Kerman,CA
Glenmont,MD
Holly Springs,GA
Talladega,AL
Stone Ridge,VA
Westbury,NY
Highland Village,TX
Glenn Heights,TX
Mount Clemens,MI
Isla Vista,CA
Elkton,MD
White Center,WA
Hewitt,TX
Auburndale,FL
Discovery Bay,CA
Los Osos,CA
Newton,IA
Lady Lake,FL
Macomb,IL
Mitchell,SD
Wailuku,HI
Chickasha,OK
La Palma,CA
Alpine,CA
Shively,KY
Seaford,NY
Rossville,MD
Seymour,TN
Fort Leonard Wood,MO
Weston,WI
Grovetown,GA
Southchase,FL
Mastic,NY
Seven Oaks,SC
Monroe,OH
Live Oak,TX
Cherryland,CA
Azalea Park,FL
Greenwood Village,CO
Indianola,IA
Brooklyn Park,MD
Hugo,MN
Niceville,FL
Hartford,WI
Wilmington Island,GA
Candelaria,PR
Batavia,NY
Rio Grande City,TX
Princeton Meadows,NJ
Berea,KY
Scottsboro,AL
Chubbuck,ID
Grain Valley,MO
Glenn Dale,MD
Lynden,WA
Carthage,MO
Springdale,NJ
Uvalde,TX
Three Lakes,FL
Greeneville,TN
Glasgow,DE
Mastic Beach,NY
Yankton,SD
Eden,NC
Hayden,ID
Port Orchard,WA
Hartselle,AL
Tenafly,NJ
Asbury Park,NJ
Roanoke Rapids,NC
Norridge,IL
Harper Woods,MI
Johnson City,NY
Jackson,MO
Traverse City,MI
Northview,MI
Dentsville,SC
Laurinburg,NC
Thibodaux,LA
Franklin Park,PA
Bradley,IL
Berkley,MI
Hazel Park,MI
Gloversville,NY
Kenmore,NY
Beech Grove,IN
Depew,NY
Spring Creek,NV
Eloy,AZ
Pacific Grove,CA
Youngsville,LA
Andover,KS
Elk Plain,WA
Southern Pines,NC
Vandalia,OH
Piney Green,NC
Phillipsburg,NJ
Tonawanda,NY
Camp Pendleton South,CA
North New Hyde Park,NY
Clarksdale,MS
Greenlawn,NY
Bemidji,MN
Longwood,FL
Henderson,NC
West Park,FL
Worthington,OH
Hereford,TX
Front Royal,VA
Swansea,IL
Dayton,NV
Riverdale,GA
South Farmingdale,NY
Halawa,HI
Greensburg,PA
West University Place,TX
Highland Park,NJ
Williamstown,NJ
Tanque Verde,AZ
Mineral Wells,TX
Glasgow,KY
Sterling,IL
Fairview,NJ
California City,CA
Metuchen,NJ
Lebanon,MO
Hendersonville,NC
Boulder City,NV
Great Bend,KS
Grimes,IA
Broadlands,VA
Highland Springs,VA
Sierra Vista Southeast,AZ
Whitefish Bay,WI
Ramsey,NJ
Oldsmar,FL
Bradley Gardens,NJ
Gantt,SC
Glen Allen,VA
Ferndale,WA
Brunswick,GA
Alexander City,AL
Wildwood,FL
Greendale,WI
Lake Stickney,WA
Deming,NM
Fort Payne,AL
Vail,AZ
Gulf Shores,AL
Ladson,SC
White Oak,MD
Chelsea,AL
Owosso,MI
Antioch,IL
Fraser,MI
Hammonton,NJ
Great Falls,VA
Salida,CA
Waunakee,WI
Monroe,GA
Fruitville,FL
Canyon,TX
Parlier,CA
Palmview,TX
Pineville,LA
Davidson,NC
Salem Lakes,WI
Havre de Grace,MD
Moultrie,GA
Hershey,PA
Ewa Beach,HI
Mount Vernon,IL
Washington,MO
Morris,IL
Anderson Creek,NC
Rendon,TX
Weigelstown,PA
Chippewa Falls,WI
Eggertsville,NY
East Milton,FL
West Freehold,NJ
Dumas,TX
Red Bluff,CA
Corinth,MS
Key Biscayne,FL
Jericho,NY
Robbinsdale,MN
Greenwood,MS
Middlesex,NJ
Scottsbluff,NE
Kemp Mill,MD
Hutchinson,MN
Short Hills,NJ
Hudson,WI
Belvedere Park,GA
Artondale,WA
Falls Church,VA
Wilkinsburg,PA
Hickory Hills,IL
Bensville,MD
Lockhart,TX
Lemon Hill,CA
Colesville,MD
Reidsville,NC
East Rancho Dominguez,CA
Clarkston,GA
Lindenhurst,IL
Belmont,NC
Washington Court House,OH
Natchez,MS
Palmer Ranch,FL
Lilburn,GA
Sunset,FL
Chicago Ridge,IL
Groveton,VA
Ozark,AL
Hopatcong,NJ
Moorestown-Lenola,NJ
Ardmore,PA
Royal Kunia,HI
Lockhart,FL
Newport,KY
Lake Arbor,MD
Black Forest,CO
Jasper,AL
Whitewater,WI
North Fair Oaks,CA
North Mankato,MN
Buda,TX
Midlothian,IL
Gonzalez,FL
Viera West,FL
Lebanon,NH
North Auburn,CA
Forest Park,IL
Bellair-Meadowbrook Terrace,FL
Thonotosassa,FL
Lamont,CA
Chatham,IL
Mill Valley,CA
Monticello,MN
Mercerville,NJ
Edgewater,NJ
Fort Bliss,TX
Yulee,FL
Flower Hill,MD
East Cleveland,OH
Bainbridge,GA
Brookside,DE
Hawaiian Gardens,CA
Willowick,OH
Jefferson Valley-Yorktown,NY
Lakeland North,WA
Gladeview,FL
Arlington,TN
Waianae,HI
California,MD
Frederick,CO
Pierre,SD
Somerton,AZ
Luling,LA
East Wenatchee,WA
Elizabethton,TN
Federal Heights,CO
Chaparral,NM
McFarland,CA
Livingston,CA
Latham,NY
Allouez,WI
Wauconda,IL
Covington,GA
Huron,SD
Brainerd,MN
New Ulm,MN
Cayey,PR
Chesterton,IN
Wood Dale,IL
College Park,GA
Alexandria,MN
Jacksonville,TX
Sharonville,OH
Forest City,FL
Dunmore,PA
Lyndhurst,OH
Huntington,VA
Sterling,CO
Roselle Park,NJ
Fergus Falls,MN
Hobe Sound,FL
Athens,TN
Willow Grove,PA
Red Oak,TX
University Heights,OH
St. James,NY
Olean,NY
Hidalgo,TX
Moberly,MO
Circleville,OH
Manor,TX
Kettering,MD
Shepherdsville,KY
McPherson,KS
Maumee,OH
New Franklin,OH
Sun Lakes,AZ
Waycross,GA
Avenal,CA
Miami Springs,FL
Powell,OH
Powell,TN
Alamo,CA
West Lealman,FL
Wells Branch,TX
Sauk Rapids,MN
Cherry Hill Mall,NJ
Bexley,OH
Waimalu,HI
Kings Park West,VA
Loganville,GA
St. Helens,OR
Beachwood,OH
Teays Valley,WV
Verona,WI
Forest Hill,TX
South Sioux City,NE
Bellefontaine,OH
Westmont,NJ
Worthington,MN
Beeville,TX
Ephrata,PA
Coldwater,MI
Villas,FL
Destin,FL
Brandermill,VA
Auburn,CA
Warrenville,IL
Shorewood,WI
Marshall,MN
Hazel Crest,IL
Bedford,IN
Cedar Lake,IN
Snoqualmie,WA
Beacon,NY
Minneola,FL
Mount Vernon,VA
Dallas,GA
Lone Tree,CO
Canton,IL
McMinnville,TN
Olympia Heights,FL
Warrensville Heights,OH
Channahon,IL
Lakeland,TN
Franklin Park,NJ
Melissa,TX
Echelon,NJ
Callaway,FL
Shiloh,IL
Cayce,SC
Beach Park,IL
Conway,FL
Marion,AR
Speedway,IN
Brecksville,OH
Santaquin,UT
Lakewood Park,FL
Wyandanch,NY
South Charleston,WV
Endicott,NY
New Carrollton,MD
Indiana,PA
New Providence,NJ
Oak Park,CA
Lake Wylie,SC
Marietta,OH
Blytheville,AR
Connersville,IN
Grass Valley,CA
Western Springs,IL
Port Neches,TX
Glen Carbon,IL
Lake Forest Park,WA
Sault Ste. Marie,MI
Royse City,TX
La Grange Park,IL
Henderson,TX
Seabrook,TX
Martinsville,VA
Hockessin,DE
Irondale,AL
Butler,PA
Lumberton,TX
Glenpool,OK
Eatontown,NJ
Englewood,OH
Jupiter Farms,FL
Bothell East,WA
River Ridge,LA
Plover,WI
Marshall,MO
Bardstown,KY
King City,CA
Newington,VA
Lewisville,NC
Pottsville,PA
Rocky Point,NY
Atlantic Beach,FL
Palos Verdes Estates,CA
Nolensville,TN
Elfers,FL
Forrest City,AR
Kilgore,TX
Lincolnwood,IL
Coolidge,AZ
Tehachapi,CA
Fort Campbell North,KY
Washington,PA
Avocado Heights,CA
Glendale,WI
Nesconset,NY
Coatesville,PA
Palmetto,FL
Kingston,PA
Fruita,CO
Lake Station,IN
Carpinteria,CA
Superior,CO
Auburn,IN
Finneytown,OH
Los Alamos,NM
Smithfield,UT
Lahaina,HI
Bridgetown,OH
Woodinville,WA
Las Vegas,NM
Clayton,OH
Maili,HI
Andrews,TX
Blue Ash,OH
McCalla,AL
Monfort Heights,OH
Lincoln,IL
La Grande,OR
Sharon,PA
Ridgefield Park,NJ
Carnot-Moon,PA
Steamboat Springs,CO
Mounds View,MN
Rogers,MN
Iona,FL
Stoughton,WI
Azle,TX
Claiborne,LA
Jennings,MO
Loveland,OH
Jensen Beach,FL
West Monroe,LA
Moody,AL
North Palm Beach,FL
Soddy-Daisy,TN
Dover,OH
Harrison,AR
Newton,NC
Grand Terrace,CA
Jacksonville,AL
Bedford,OH
Annapolis Neck,MD
West Carrollton,OH
Rochester,MI
Portland,TN
Lansdowne,VA
Cambridge,MD
Solana Beach,CA
North Adams,MA
Parker,SC
Dorado,PR
St. Ann,MO
Green Valley,MD
Meadville,PA
Miami,OK
Oatfield,OR
Joppatowne,MD
Montgomeryville,PA
South Daytona,FL
Trenton,OH
Larkspur,CA
Timberlake,VA
Bonita,CA
Sun Village,CA
Broussard,LA
Overlea,MD
Claremont,NH
Ridge,NY
Vadnais Heights,MN
Sugarland Run,VA
Pell City,AL
Big Bear City,CA
Home Gardens,CA
Naranja,FL
Beaufort,SC
Fords,NJ
Cornelius,OR
Woodhaven,MI
Holiday City-Berkeley,NJ
Valencia West,AZ
Richton Park,IL
New Kingman-Butler,AZ
Newcastle,WA
El Dorado,KS
Levelland,TX
Chino Valley,AZ
Weddington,NC
Bloomsburg,PA
Grover Beach,CA
Florida City,FL
Webb City,MO
Urbana,MD
Cheval,FL
Northlake,IL
Braselton,GA
Holly Hill,FL
Red Bank,NJ
White House,TN
Guymon,OK
Harrison,OH
San Anselmo,CA
Vinings,GA
Greenville,OH
Fostoria,OH
Santa Fe,TX
Orangeburg,SC
Suamico,WI
Fort Lewis,WA
Waconia,MN
Oakland,NJ
St. Marys,PA
Rantoul,IL
Oneonta,NY
Brock Hall,MD
Eufaula,AL
Orange City,FL
Emeryville,CA
Cheney,WA
Baker,LA
D'Iberville,MS
Port Royal,SC
Jefferson,GA
Mountain Home,AR
Athens,TX
Fernandina Beach,FL
Lakeland South,WA
Fulton,MO
Lakeside,VA
Dardenne Prairie,MO
Wickliffe,OH
Moncks Corner,SC
Lexington Park,MD
Mountain Park,GA
Grenada,MS
Paradise Valley,AZ
Amherst,OH
Trophy Club,TX
Verde Village,AZ
Winnetka,IL
Florham Park,NJ
Dunkirk,NY
Salisbury,NY
Newington Forest,VA
Artesia,NM
Goldenrod,FL
Justice,IL
San Marino,CA
Smyrna,DE
Borger,TX
Festus,MO
East Islip,NY
North Valley,NM
Ottawa,KS
Norwalk,IA
Byram,MS
Nanakuli,HI
Branson,MO
Geneva,NY
Prairie Ridge,WA
Lake Tapps,WA
Kelso,WA
Cloquet,MN
Brown Deer,WI
Gaffney,SC
Lindsay,CA
Enumclaw,WA
Tamalpais-Homestead Valley,CA
Mendota,CA
Melvindale,MI
Fort Atkinson,WI
Wilmington,OH
Sylacauga,AL
Boone,IA
Cascades,VA
Lake Norman of Catawba,NC
Lake Los Angeles,CA
Kewanee,IL
Fortuna,CA
Georgetown,GA
Pecos,TX
Riverview,MI
Troy,MO
Commerce,CA
Lakeland Village,CA
Somerville,NJ
Marysville,CA
Baraboo,WI
Cahokia,IL
Escanaba,MI
Neosho,MO
Mays Chapel,MD
Harrison,WI
Kingsburg,CA
Minooka,IL
Tucson Estates,AZ
McComb,MS
Herrin,IL
North St. Paul,MN
North Merrick,NY
East Renton Highlands,WA
Derby,CT
Leeds,AL
Sandy,OR
Poquoson,VA
Doctor Phillips,FL
Sarasota Springs,FL
Robertsville,NJ
Shady Hills,FL
Crestwood,MO
Patchogue,NY
Robinson,TX
Tega Cay,SC
Cypress Lake,FL
Tomball,TX
Grantsville,UT
Lake City,FL
Fairfax Station,VA
Scotts Valley,CA
Moss Point,MS
Webster,TX
El Campo,TX
Conneaut,OH
Beatrice,NE
Port Washington,WI
Ocean Pines,MD
Sedro-Woolley,WA
Woodward,OK
Hamilton Square,NJ
Miller Place,NY
Accokeek,MD
Madison,IN
New Kensington,PA
Effingham,IL
Alum Rock,CA
Río Grande,PR
Jefferson Hills,PA
Canóvanas,PR
Manatí,PR
Manchester,VA
Jerome,ID
Honeygo,MD
El Sobrante,CA
Mitchellville,MD
Newman,CA
Portales,NM
New Baltimore,MI
Minden,LA
Wyndham,VA
Streator,IL
Edgewood,WA
Lewisburg,TN
Choctaw,OK
Middleburg,FL
Hasbrouck Heights,NJ
Archdale,NC
Palos Heights,IL
Caño Martin Peña,PR
Cedarburg,WI
Union,MO
Manorville,NY
Blackfoot,ID
Glen Rock,NJ
Macedonia,OH
Grafton,WI
Gonzales,LA
Cottonwood,AZ
Valley Falls,RI
Centralia,IL
Garden City,ID
Stony Brook,NY
West Plains,MO
Weatherford,OK
Upper Montclair,NJ
Spearfish,SD
Arkansas City,KS
River Edge,NJ
Viera East,FL
Gladstone,OR
Washington,IN
Riviera Beach,MD
Largo,MD
South Miami,FL
Martinsville,NJ
Somersworth,NH
Manchester,TN
Stuarts Draft,VA
Dranesville,VA
Fenton,MI
Yeadon,PA
Hawaiian Paradise Park,HI
Camp Verde,AZ
Niles,MI
La Homa,TX
Salem,OH
Crowley,LA
University of California-Santa Barbara,CA
Newport East,RI
Crossville,TN
Green River,WY
Rosaryville,MD
Red Bank,TN
Brookhaven,MS
Martinsville,IN
Roessleville,NY
Guttenberg,NJ
Wallington,NJ
Gulfport,FL
Destrehan,LA
On Top of the World Designated Place,FL
Rossmoor,CA
East Bethel,MN
Winfield,KS
Tarrytown,NY
North Wantagh,NY
Oak Grove,SC
Evanston,WY
Bound Brook,NJ
College,AK
Amelia,OH
Endwell,NY
Half Moon Bay,CA
Pasadena Hills,FL
Fairview Shores,FL
Signal Hill,CA
Los Alamitos,CA
Ringwood,NJ
Picayune,MS
Platteville,WI
Richmond,TX
Pontiac,IL
Gardnerville Ranchos,NV
Elk City,OK
River Forest,IL
Markham,IL
La Riviera,CA
Elwood,NY
Pike Creek Valley,DE
Mountain Top,PA
Oak Hills,OR
Richfield,WI
Lower Burrell,PA
St. Peter,MN
Norton,OH
South Yarmouth,MA
Somerset,KY
Seven Hills,OH
Bucyrus,OH
East Glenville,NY
Mendota Heights,MN
Schiller Park,IL
Douglas,GA
Santa Clara,OR
Lawrenceburg,KY
Myrtle Grove,NC
Eureka,MO
Ionia,MI
Port Lavaca,TX
Little Chute,WI
Poulsbo,WA
Franklin,OH
Liberty Lake,WA
Bellmawr,NJ
Asbury Lake,FL
Spring Lake,NC
Show Low,AZ
Winton,CA
James Island,SC
Big Lake,MN
Mexico,MO
Emmaus,PA
Mango,FL
Irmo,SC
Vineyard,UT
Elizabethtown,PA
Greensburg,IN
Middle Valley,TN
Lantana,TX
Oskaloosa,IA
Miami Shores,FL
Diamond Springs,CA
Wakefield,VA
Grosse Pointe Park,MI
Box Elder,SD
Wilton Manors,FL
Morgan City,LA
New Baltimore,VA
Lantana,FL
Kapaa,HI
Dobbs Ferry,NY
Minnehaha,WA
Vermillion,SD
Gig Harbor,WA
Lovington,NM
Leon Valley,TX
Waupun,WI
Medulla,FL
Yorktown,IN
Fort Morgan,CO
Clawson,MI
Farmington,MI
Ridgefield,NJ
Ontario,OR
Hartsville,TN
Fulton,NY
Lanham,MD
Lawrenceburg,TN
Maltby,WA
Moss Bluff,LA
Mack,OH
Roma,TX
Tucson Mountains,AZ
Hillcrest,CA
Port Salerno,FL
Town and Country,MO
Healdsburg,CA
Gloucester City,NJ
Valley Center,CA
Bridgeton,MO
Sussex,WI
Hillsborough,CA
Cherry Creek,CO
East Grand Rapids,MI
Suffern,NY
Woods Cross,UT
Ravenna,OH
Piedmont,CA
Snyder,TX
Hormigueros,PR
Lindon,UT
Campbellsville,KY
Woodmere,LA
Petal,MS
Okmulgee,OK
Shiloh,OH
Lakeland Highlands,FL
Lansing,KS
Cocoa Beach,FL
Abbeville,LA
Gloucester Point,VA
View Park-Windsor Hills,CA
Castle Pines,CO
Spencer,IA
Brooklyn,OH
Progress,PA
Cleveland,MS
Wanaque,NJ
Two Rivers,WI
Burley,ID
Lowes Island,VA
Westwood,NJ
Celebration,FL
Laurel,FL
Sierra Madre,CA
Fort Meade,MD
Saddlebrooke,AZ
Milford,DE
Lake Elmo,MN
Gold Canyon,AZ
Hudson,FL
Bayou Blue,LA
Mapleton,UT
Ocean City,NJ
Anderson,CA
Woodbury,NY
Magnolia,AR
Barrington,IL
Smithfield,NC
Pine Castle,FL
Burr Ridge,IL
Storm Lake,IA
Urbana,OH
Taylorville,IL
Waggaman,LA
Covington,LA
North Lindenhurst,NY
De Witt,NY
Wimauma,FL
Clayton,CA
Timonium,MD
Four Corners,TX
Middle Island,NY
Sabana Grande,PR
Peru,IN
Union City,TN
Batesville,AR
Pompton Lakes,NJ
Merriam,KS
Lake Grove,NY
New Port Richey East,FL
Fuller Heights,FL
Oregon,WI
Shiloh,PA
Summit,IL
Satellite Beach,FL
Roscoe,IL
Columbia,IL
Canyon Lake,CA
Maryville,MO
Dent,OH
Sturgis,MI
Waihee-Waiehu,HI
Elon,NC
Grand Rapids,MN
Travilah,MD
Coshocton,OH
Fairview,CA
Forest,VA
Great Neck,NY
Franklin Lakes,NJ
Lyndon,KY
The Hills,NJ
Summerfield,NC
Wyomissing,PA
Marinette,WI
East Bakersfield,CA
Springdale,OH
Oak Ridge,NJ
Totowa,NJ
Memphis,FL
Westview,FL
Lansdowne,PA
Northbrook,OH
Raceland,LA
Terryville,NY
Highland City,FL
Goulds,FL
Waipio,HI
Broomall,PA
Collegedale,TN
Little Ferry,NJ
Burlington,WI
Gardere,LA
Newcastle,OK
West Point,UT
New Albany,OH
Linganore,MD
Canton,MS
Fox Lake,IL
Bedford Heights,OH
Grand Haven,MI
Star,ID
Lincolnton,NC
Muscoy,CA
Bogalusa,LA
Delhi,CA
Berkley,CO
Cold Springs,NV
Malibu,CA
Riverdale,IL
Worth,IL
Crestwood,IL
Waterloo,IL
Mount Sinai,NY
Mount Kisco,NY
Grandview,WA
Celina,OH
Yazoo City,MS
Haysville,KS
Vashon,WA
Plano,IL
Damascus,OR
Lincoln Park,NJ
Blackhawk,CA
Waynesboro,PA
Fife,WA
Triangle,VA
Fredericksburg,TX
Freeport,TX
Beachwood,NJ
Manville,NJ
Troy,IL
Key Largo,FL
Burkburnett,TX
St. Albans,WV
Munhall,PA
Sonoma,CA
Soquel,CA
Montgomery,OH
Van Wert,OH
Madison Heights,VA
Morro Bay,CA
Pompton Plains,NJ
Placerville,CA
Alcoa,TN
Kings Mountain,NC
Atchison,KS
Gateway,FL
Galena Park,TX
Wellington,CO
Guthrie,OK
Richmond Heights,OH
Brandon,SD
North Branch,MN
Monmouth,OR
Tarboro,NC
Pleasant View,UT
Jackson,WY
Clute,TX
Bolivar,MO
Lake Morton-Berrydale,WA
Corning,NY
Westwood Lakes,FL
North Logan,UT
Little Canada,MN
Bellefontaine Neighbors,MO
DeForest,WI
Timberlane,LA
Russellville,AL
Darby,PA
Chalco,NE
Lake Barcroft,VA
Vienna,WV
Monroe,WI
West Haverstraw,NY
Lyons,IL
Bel Air,MD
Rincon,GA
Scaggsville,MD
Ironton,OH
Difficult Run,VA
Scotchtown,NY
Camden,AR
Vidalia,GA
Pine Hill,NJ
Sugarmill Woods,FL
Malvern,AR
Citrus,CA
Forest Acres,SC
Riverton,WY
Del Aire,CA
Holmen,WI
Prineville,OR
Doraville,GA
Sweetwater,TX
Selma,TX
Garden City,SC
Walker Mill,MD
Excelsior Springs,MO
Beverly Hills,MI
Boiling Springs,SC
Nanticoke,PA
Millington,TN
Scottdale,GA
Westphalia,MD
Forestville,MD
Raymondville,TX
River Grove,IL
Lowell,IN
Pebble Creek,FL
Cottage Grove,OR
Bacliff,TX
Vermilion,OH
Kendall Park,NJ
Belgrade,MT
Bluffton,IN
Mount Airy,NC
Sumner,WA
Magalia,CA
Martin,TN
Inwood,NY
Lighthouse Point,FL
Alachua,FL
Reading,OH
Lake Hopatcong,NJ
Greentree,NJ
Potomac Park,CA
Jessup,MD
Coamo,PR
Pleasanton,TX
Kennett,MO
Bithlo,FL
Saks,AL
Port Wentworth,GA
Jefferson,LA
Valley,AL
Newberry,SC
Oneida,NY
Española,NM
Marlton,NJ
Blackwells Mills,NJ
Bellmead,TX
Forestville,OH
North Bellport,NY
Essex Junction,VT
Somers Point,NJ
Campton Hills,IL
Trumbull Center,CT
Fairmont,MN
Le Mars,IA
Loudoun Valley Estates,VA
Burtonsville,MD
Isabela,PR
Granbury,TX
Gages Lake,IL
Warr Acres,OK
Farmersville,CA
Fairview,OR
Flat Rock,MI
Lake Monticello,VA
Edwards,CO
Ridgefield,WA
Heath,OH
Myers Corner,NY
Danville,IN
Waimea,HI
Wabash,IN
Pella,IA
Garden Acres,CA
Belle Chasse,LA
Silverton,OR
Galion,OH
Palatka,FL
Shasta Lake,CA
Felida,WA
Robstown,TX
San Diego Country Estates,CA
Watervliet,NY
London,OH
Victoria,MN
Alderwood Manor,WA
Berwick,PA
Portage,WI
Exeter,CA
South Huntington,NY
Fort Madison,IA
Winterville,NC
Union Park,FL
Arkadelphia,AR
Paris,TN
Woodlyn,PA
Northampton,PA
Lexington,NE
Rifle,CO
Wood River,IL
Clay,AL
Pineville,NC
Cadillac,MI
Cordele,GA
Tanaina,AK
Newport,OR
Bonham,TX
Fairmount,NY
Shelton,WA
Spout Springs,NC
Waverly,IA
Linthicum,MD
Elkhorn,WI
Rockport,TX
Garden City,GA
New Hyde Park,NY
Carroll,IA
Kearney,MO
Halfway,MD
Richmond Heights,FL
Columbia,PA
Fountain Inn,SC
Beverly Hills,FL
North Bend,OR
Cypress Gardens,FL
Hackettstown,NJ
Highland,IL
Chestnut Ridge,NY
Smithville,MO
Plymouth,IN
Alpine,UT
Lovejoy,GA
Vernon,TX
Yelm,WA
Pleasant Hill,IA
Paris,KY
Tipp City,OH
Comstock Park,MI
Gunbarrel,CO
Versailles,KY
Fort Oglethorpe,GA
Friendly,MD
Berthoud,CO
Cheat Lake,WV
Alpena,MI
Sleepy Hollow,NY
Woodburn,VA
Astoria,OR
Hillsdale,NJ
Citrus Springs,FL
Orange Lake,NY
West Vero Corridor,FL
Marlton,MD
Ogdensburg,NY
Loudonville,NY
White City,OR
West Point,MS
Corte Madera,CA
Manvel,TX
Brookdale,NJ
Progress Village,FL
Hermantown,MN
Alexandria,KY
Cambridge,OH
East Rockaway,NY
Fairfield,AL
Airway Heights,WA
Madera Acres,CA
Cairo,GA
Rainbow City,AL
West Perrine,FL
Boaz,AL
Snohomish,WA
Cedartown,GA
Francisville,KY
Waynesville,NC
Waldwick,NJ
Quartz Hill,CA
Harrisonville,MO
Red Bank,SC
Woodbury,NJ
Blacklick Estates,OH
Fairview,TX
Birch Bay,WA
Molalla,OR
DeRidder,LA
Struthers,OH
Muskegon Heights,MI
Cody,WY
La Plata,MD
Calimesa,CA
Browns Mills,NJ
Pine Ridge,FL
East Liverpool,OH
Golden Hills,CA
Lambertville,MI
Maywood,NJ
Mayfield,KY
Capitola,CA
Milton,FL
Vernal,UT
Yorkshire,VA
Monument,CO
San Elizario,TX
Howell,MI
Hickam Housing,HI
Flowood,MS
Grosse Pointe Farms,MI
Fredonia,NY
Glenwood Springs,CO
Cabo Rojo,PR
Roslyn,PA
Port Townsend,WA
Warrenton,VA
Brentwood,PA
Baker City,OR
East Whittier,CA
Kinnelon,NJ
Uniontown,PA
Lake Hiawatha,NJ
Corozal,PR
Clinton,TN
Sauk Village,IL
Safford,AZ
Greencastle,IN
Cape Canaveral,FL
Keokuk,IA
Cedar Hills,UT
DuPont,WA
Budd Lake,NJ
Airmont,NY
Sparta,WI
Lenoir City,TN
Fair Oaks Ranch,TX
Vidor,TX
Reedsburg,WI
North Lakes,AK
Fairmount,CO
Little River,SC
Willoughby Hills,OH
George Mason,VA
Kendallville,IN
Marysville,MI
Mount Vista,WA
East Setauket,NY
Wapakoneta,OH
Bee Ridge,FL
East Rutherford,NJ
Rye Brook,NY
New Richmond,WI
Ellisville,MO
Rotonda,FL
Jesup,GA
La Grange,KY
Chevy Chase,MD
Franklin,KY
Mission,KS
Oakbrook,KY
Powdersville,SC
Bastrop,LA
Hobart,WI
Flossmoor,IL
Arden Hills,MN
Villas,NJ
Hornsby Bend,TX
Wood-Ridge,NJ
Atoka,TN
Peru,IL
Croydon,PA
Independent Hill,VA
Brandywine,MD
Winfield,IL
Rio Vista,CA
Independence,OR
Wendell,NC
The Pinery,CO
Stansbury Park,UT
Jennings,LA
August,CA
St. Augustine Shores,FL
Charter Oak,CA
Stonegate,CO
Halls,TN
East Stroudsburg,PA
Brownsville,TN
Marlboro Village,MD
Keansburg,NJ
Picnic Point,WA
Washington,NC
Eidson Road,TX
College Place,WA
Jacinto City,TX
Pingree Grove,IL
Sunbury,PA
Monmouth Junction,NJ
Tremonton,UT
Garrison,MD
Avon Park,FL
Sedona,AZ
Spanish Fort,AL
Lincoln Village,OH
Detroit Lakes,MN
Beckett Ridge,OH
Sweet Home,OR
Pájaros,PR
Bardmoor,FL
Berlin,NH
Makaha,HI
White Horse,NJ
Mentone,CA
Fort Salonga,NY
Fultondale,AL
Helena-West Helena,AR
Alamosa,CO
Bluefield,WV
Coweta,OK
Fallston,MD
Murrells Inlet,SC
Silver City,NM
Sellersburg,IN
Oil City,PA
Orange Cove,CA
Indianola,MS
Morrisville,PA
Boulder Hill,IL
Country Club,CA
Thomaston,GA
White Marsh,MD
Rockcreek,OR
Lincoln City,OR
Fairfield,IA
Parsons,KS
Lake Arrowhead,CA
Canonsburg,PA
Pleasant Grove,AL
Decatur,IN
Lowell,AR
Corona de Tucson,AZ
Kensington,CT
Itasca,IL
Marathon,FL
Mount Airy,MD
West Athens,CA
LaSalle,IL
Brewer,ME
North College Hill,OH
Eagle Point,OR
Bladensburg,MD
Eunice,LA
Belmont,VA
Rodeo,CA
Ingleside,TX
Girard,OH
Steger,IL
Bay St. Louis,MS
Bull Mountain,OR
Amityville,NY
Sturgeon Bay,WI
Morehead City,NC
Cusseta,GA
Carencro,LA
Bastrop,TX
Succasunna,NJ
Hernando,FL
Whitestown,IN
Aiea,HI
River Road,OR
Tomah,WI
Monett,MO
Cedar Hills,OR
The Village,OK
Claymont,DE
Oakville,CT
Bohemia,NY
Lake Mohawk,NJ
Meadowbrook,AL
Greenwood,AR
Louisville,OH
North Gates,NY
Middlesborough,KY
Elgin,TX
Matawan,NJ
Lititz,PA
Harvard,IL
Grinnell,IA
Conning Towers Nautilus Park,CT
Middletown,KY
Oakwood,OH
Middletown,PA
Hartland,WI
Vega Alta,PR
Cambridge,MN
Midland,WA
Clarksville,AR
Incline Village,NV
Pryor Creek,OK
Cross Lanes,WV
New Square,NY
Mooresville,IN
Plainedge,NY
Alma,MI
Country Club Estates,GA
Diamondhead,MS
Greenville,NY
Havre,MT
Bethalto,IL
Sandy Hook,CT
Bridge City,TX
Madeira,OH
St. Stephens,NC
Columbia City,IN
Denham Springs,LA
Chesapeake Ranch Estates,MD
Countryside,VA
University of Virginia,VA
Rochelle,IL
Anaconda,MT
West Glens Falls,NY
Manhattan,IL
Mound,MN
Warren,PA
Heath,TX
Marina del Rey,CA
Florence,OR
Green Cove Springs,FL
Crestline,CA
Haiku-Pauwela,HI
Riverside,IL
Merrill,WI
Hillsborough,NC
Fort Stewart,GA
Evergreen,CO
Willow Street,PA
Sangaree,SC
Ventnor City,NJ
Rensselaer,NY
Hyrum,UT
Ecorse,MI
South Amboy,NJ
Helena Valley Southeast,MT
Mechanicsburg,PA
Lansdowne,MD
Woodway,TX
Plymouth,MI
Sheffield,AL
Highland Park,MI
Springs,NY
Winchester,TN
Fairview,TN
Augusta,KS
Rancho Mission Viejo,CA
Mahomet,IL
Leisure World,MD
Quakertown,PA
Leonia,NJ
Riverdale,UT
Roanoke,TX
Sugar Grove,IL
Rio del Mar,CA
St. Francis,WI
Southside,AL
Chillicothe,MO
Laurens,SC
Forestdale,AL
Dunn Loring,VA
Fort Polk South,LA
Ashland,NJ
Waseca,MN
Aliquippa,PA
Shawano,WI
Charlotte,MI
Flanders,NJ
Burlington,WA
Harleysville,PA
Washington Terrace,UT
Frankfort Square,IL
Canal Winchester,OH
Grants,NM
Oak Hills Place,LA
Rockingham,NC
Flowery Branch,GA
Pike Road,AL
Seven Corners,VA
Richmond Heights,MO
Willowbrook,IL
Palm Beach,FL
Beecher,MI
Benton Harbor,MI
Coral Hills,MD
Bridgeport,WV
Glens Falls North,NY
Pine Lake Park,NJ
Tiburon,CA
St. Anthony,MN
Panthersville,GA
East Grand Forks,MN
Harahan,LA
Scenic Oaks,TX
Riverside,CT
Smithville,NJ
Lugoff,SC
Tuskegee,AL
Oak Hills,CA
Terrace Heights,WA
Woodbury,NY
Big Rapids,MI
Conshohocken,PA
Aransas Pass,TX
Waterford,CA
Fort Irwin,CA
Rathdrum,ID
Wasilla,AK
Salem,UT
Des Peres,MO
Cresskill,NJ
Lynwood,IL
Redlands,CO
Middleton,ID
Picture Rocks,AZ
Elsmere,KY
Edgewater,MD
Saline,MI
Kings Grant,NC
Beaver Falls,PA
White Meadow Lake,NJ
Perkasie,PA
Fallon,NV
Whippany,NJ
Brownfield,TX
Sunset Hills,MO
Miramar Beach,FL
Glenshaw,PA
Greenville,MI
Northwest Harborcreek,PA
Little Falls,MN
Davenport,FL
Bernalillo,NM
Newark,NY
Toccoa,GA
Absecon,NJ
Temple Hills,MD
Delta,CO
Coffeyville,KS
Fitzgerald,GA
Fairless Hills,PA
Craig,CO
McFarland,WI
Bargersville,IN
Cloverdale,CA
Hope,AR
Hailey,ID
Olney,IL
Mount Pleasant,IA
Rolesville,NC
Derby,CO
Murillo,TX
Park Ridge,NJ
Cameron,MO
Sheffield Lake,OH
Pulaski,VA
Westgate,FL
Harwood Heights,IL
Tuscumbia,AL
Lake Park,FL
Woodfield,SC
Fair Oaks,GA
Innsbrook,VA
Huntertown,IN
St. Pete Beach,FL
Winslow,AZ
Skidaway Island,GA
Hawthorn Woods,IL
Greenville,RI
Harrodsburg,KY
Arizona City,AZ
Ladue,MO
Ahuimanu,HI
Hooper,UT
Helotes,TX
Haledon,NJ
Park Forest Village,PA
Cumberland Hill,RI
Westwood,MI
Angola,IN
Bemiss,GA
Edgemere,MD
Lapeer,MI
Purcellville,VA
Fishersville,VA
Napoleon,OH
Summit,WA
Highland Park,TX
Manteno,IL
North Haledon,NJ
Merrydale,LA
Fort Knox,KY
Indian Harbour Beach,FL
Plymouth,WI
Audubon,PA
Old Jefferson,LA
Oak Grove,MN
Stony Brook University,NY
Temperance,MI
Roxborough Park,CO
Presque Isle,ME
Bala Cynwyd,PA
Collingdale,PA
Rice Lake,WI
Maysville,KY
Clinton,MO
Toppenish,WA
Woodmoor,CO
Jeannette,PA
Bainbridge,OH
Bogota,NJ
Fort Valley,GA
Carbondale,PA
Gulf Hills,MS
Glencoe,IL
Clayton,NJ
Locust Grove,GA
Perryton,TX
Bayport,NY
Pitman,NJ
Monmouth,IL
Rock Falls,IL
Oakland,TN
Mascoutah,IL
Caldwell,NJ
Fairfield Glade,TN
Savoy,IL
Thief River Falls,MN
Ivins,UT
Village St. George,LA
Orting,WA
Kulpsville,PA
Port Jervis,NY
North Kensington,MD
Signal Mountain,TN
Boonton,NJ
Lago Vista,TX
Franklin,NH
Andalusia,AL
Cape St. Claire,MD
Bloomingdale,TN
Perry Heights,OH
Valley Cottage,NY
Anthony,NM
Tuba City,AZ
Cortez,CO
Poteau,OK
Lake Villa,IL
North Madison,OH
Chanute,KS
Brooksville,FL
Atmore,AL
Seneca,SC
Sanger,TX
Taft,CA
La Cresta,CA
Sanatoga,PA
Bath,ME
Graham,TX
Clanton,AL
Park Hills,MO
Clarendon Hills,IL
Booneville,MS
Orosi,CA
Hoquiam,WA
Audubon,NJ
Wyoming,OH
Fair Lakes,VA
Reserve,LA
Lamesa,TX
Olmsted Falls,OH
Gibsonville,NC
Cheviot,OH
Orange Park,FL
Pleasant Hill,MO
East York,PA
Hollymead,VA
Bryan,OH
Commerce,TX
Hillcrest,NY
Covington,TN
Wesley Chapel,NC
Litchfield Beach,SC
Highland Heights,OH
Oxford,NC
Tecumseh,MI
Swissvale,PA
McKee City,NJ
Hillview,KY
McCordsville,IN
Gonzales,CA
San Lorenzo,PR
Micco,FL
Fort Mitchell,KY
Dunn,NC
Ogden,NC
Clinton,OK
Druid Hills,GA
Wharton,TX
Summit View,WA
Village Green-Green Ridge,PA
Glenwood,IL
Independence,KS
Malverne,NY
Mahopac,NY
Closter,NJ
Dayton,TX
Gresham Park,GA
Delavan,WI
San Sebastián,PR
Monticello,AR
South Kensington,MD
Monona,WI
Guntersville,AL
Lake of the Woods,VA
Paris,IL
Socorro,NM
Helena Valley West Central,MT
Baxter,MN
Westwego,LA
Bee Cave,TX
Aibonito,PR
University of California-Davis,CA
Gering,NE
Los Altos Hills,CA
Sitka,AK
Center Line,MI
Barre,VT
Lewistown,PA
Smithfield,VA
Blanchard,OK
Richland Hills,TX
Hastings-on-Hudson,NY
Broadview Park,FL
Sallisaw,OK
Bryans Road,MD
Milton,WA
Montecito,CA
Old Forge,PA
Lancaster,SC
Corrales,NM
Seffner,FL
Perryville,MO
South Lockport,NY
Othello,WA
West Long Branch,NJ
West Haven-Sylvan,OR
Farmingdale,NY
Arab,AL
Templeton,CA
Lock Haven,PA
Village of Waukesha,WI
Pleasant Hills,PA
Shiprock,NM
Warrenton,MO
Menominee,MI
Sandpoint,ID
Virginia,MN
Dumbarton,VA
Miles City,MT
Midway City,CA
Arroyo,PR
Georgetown,SC
Fort Stockton,TX
Folsom,PA
North Merritt Island,FL
Sutherlin,OR
Springfield,FL
Kalifornsky,AK
Edgewood,KY
Crete,IL
Newton,NJ
York,SC
Sans Souci,SC
Northfield,NJ
Laurel Hill,VA
Crestwood Village,NJ
Montvale,NJ
Olivette,MO
Summit Park,UT
Corbin,KY
Half Moon,NC
Skiatook,OK
Conover,NC
Black Mountain,NC
Harrison,TN
Rawlins,WY
Kenilworth,NJ
Harrisburg,IL
East Franklin,NJ
Lihue,HI
Orrville,OH
Meadow Lakes,AK
Valley Center,KS
Stuttgart,AR
Stevensville,MD
Flushing,MI
Eaton,OH
Dalhart,TX
Somers,WI
Park City,UT
Upper Saddle River,NJ
Wynne,AR
Abingdon,VA
Plumas Lake,CA
Ephrata,WA
Heber,CA
Meridianville,AL
Beebe,AR
Kennedale,TX
Ellsworth,ME
Pomona,NJ
Princeton,IN
Aberdeen,NC
Hondo,TX
Winnemucca,NV
Denison,IA
Brazil,IN
Trinidad,CO
Runnemede,NJ
Whitehouse,TX
St. Marys,OH
Berkeley,MO
Castle Shannon,PA
Mason,MI
Long Hill,CT
Rolling Hills Estates,CA
Wading River,NY
Lake Geneva,WI
Elwood,IN
Butner,NC
Shelby,OH
Mount Rainier,MD
Croton-on-Hudson,NY
Bellevue,PA
Hillside,IL
Hornell,NY
Citrus Hills,FL
Spring Valley Lake,CA
Wytheville,VA
Long Grove,IL
Kronenwetter,WI
Dormont,PA
Mukwonago,WI
Topanga,CA
Oberlin,OH
Oak Island,NC
Orono,MN
Mount Joy,PA
Franklin,VA
Johnstown,NY
Waite Park,MN
Altoona,WI
Brookhaven,PA
Murphy,MO
Oradell,NJ
Applewood,CO
Eden Isle,LA
Oak Hill,WV
Oak Grove,MO
Liberty,TX
Gilberts,IL
Maplewood,MO
Minnetrista,MN
Wilson,PA
Wilmington Manor,DE
Hood River,OR
Breinigsville,PA
Travis Ranch,TX
Cushing,OK
Bellevue,OH
Cuero,TX
Scott,LA
Providence,UT
Stayton,OR
Brentwood,MO
Mayo,MD
Hillsdale,MI
Moundsville,WV
Austell,GA
Hillsboro,TX
Price,UT
Glastonbury Center,CT
Iowa Colony,TX
Dayton,NJ
Green,OR
Oak Brook,IL
Rhinelander,WI
Juncos,PR
Laughlin,NV
Jefferson City,TN
Orland,CA
Hampton,GA
Fern Park,FL
Spotswood,NJ
Pulaski,TN
Corning,CA
Ketchikan,AK
Hatboro,PA
Sheboygan Falls,WI
Prien,LA
Milan,TN
Kenwood,OH
Alliance,NE
North Patchogue,NY
Guadalupe,CA
Bellwood,VA
Kirby,TX
Thompsonville,CT
Four Corners,MD
Parkville,PA
Irondale,GA
Clinton,NC
Milliken,CO
Union,SC
Maryville,IL
Camp Hill,PA
Dock Junction,GA
Nevada,MO
Groesbeck,OH
Livingston,MT
Carnegie,PA
St. Francis,MN
Grandview Heights,OH
Carl Junction,MO
Roxboro,NC
Manhasset,NY
York,NE
Sioux Center,IA
Centerville,GA
Richfield,UT
Selah,WA
Westlake Village,CA
Interlaken,CA
Senatobia,MS
Basking Ridge,NJ
Albion,MI
New Prague,MN
Latrobe,PA
Pismo Beach,CA
North Bay Village,FL
Island Lake,IL
Grand Blanc,MI
Antigo,WI
Thousand Palms,CA
Rockton,IL
Gypsum,CO
Downingtown,PA
Mahtomedi,MN
Firebaugh,CA
Vinton,VA
Quincy,FL
Boonville,MO
Kenton,OH
Los Fresnos,TX
Alondra Park,CA
Butler,NJ
Hampshire,IL
Whitmore Lake,MI
Winooski,VT
Madison Park,NJ
South Boston,VA
North Star,DE
Duvall,WA
Fort Riley,KS
Payette,ID
Atco,NJ
Broadview,IL
Evergreen,MT
Wyoming,MN
St. Martin,MS
Homestead Meadows South,TX
Montpelier,VT
Jennings Lodge,OR
Port Jefferson,NY
Center Moriches,NY
Fort Lupton,CO
Dexter,MO
Three Rivers,MI
South Beloit,IL
Silvis,IL
Grove City,PA
Fletcher,NC
Gold River,CA
Wahpeton,ND
Congers,NY
McGregor,FL
Greenbriar,VA
Golden Valley,AZ
Bradford,PA
Wedgefield,FL
Waller,WA
Lincolnshire,IL
Jersey Village,TX
Fort Dix,NJ
Humboldt,TN
Withamsville,OH
Luquillo,PR
Earlimart,CA
Sequim,WA
Paloma Creek South,TX
Ashland,WI
Brigantine,NJ
Pearsall,TX
Spring Hill,KS
Fruitvale,CO
Rockwood,VA
Fruitland Park,FL
Good Hope,CA
Park City,IL
Rapid Valley,SD
Southwood Acres,CT
Scappoose,OR
St. Joseph,MI
Barberton,WA
Bernardsville,NJ
Charlestown,IN
Bonner Springs,KS
Ripley,TN
Lake Carmel,NY
Woodland Park,CO
Seaford,DE
Fort Belvoir,VA
Lexington,TN
Orange Beach,AL
Savage,MD
Crozet,VA
Perry,IA
Blandon,PA
Campbell,OH
Newport,AR
Ilion,NY
Webster City,IA
Bay Minette,AL
Jefferson,WI
Catoosa,OK
Burton,SC
Park City,KS
Lacombe,LA
Yreka,CA
Garden City Park,NY
South Weber,UT
West Dundee,IL
Albertville,MN
Mount Ivy,NY
Grand Ledge,MI
Northridge,OH
Boyes Hot Springs,CA
Middleborough Center,MA
Chester,IL
Ripon,WI
Whitefish,MT
Shorewood,MN
Mechanicstown,NY
Stanwood,WA
Mantua,VA
Woodfin,NC
Alta Sierra,CA
Decorah,IA
Collinsville,OK
Glen Ridge,NJ
St. Rose,LA
Bloomingdale,NJ
Brook Highland,AL
Clinton,SC
Princeton,IL
Palmyra,PA
Cherry Valley,CA
Wellington,KS
Siler City,NC
Baldwinsville,NY
Belterra,TX
Long Branch,VA
Paradise,CA
Lochbuie,CO
Westmere,NY
Ponchatoula,LA
Ludington,MI
Mount Horeb,WI
Fanwood,NJ
Blair,NE
Joshua,TX
Leola,PA
Clover Creek,WA
Port Jefferson Station,NY
Highlands,TX
Brevard,NC
Breaux Bridge,LA
Hales Corners,WI
Marion,NC
Mims,FL
Oroville East,CA
St. Johns,MI
Oak Grove,KY
Millersville,PA
Fairlawn,OH
Wagoner,OK
Severance,CO
Mansfield Center,MA
South Apopka,FL
Inverness,IL
Odessa,FL
Mystic Island,NJ
Houghton,MI
Jerseyville,IL
Clear Lake,IA
Travelers Rest,SC
Makawao,HI
Camden,SC
Southeast Arcadia,FL
Plain City,UT
Robinwood,MD
New Albany,MS
South San Gabriel,CA
Seward,NE
Sunnyvale,TX
Hubbard,OH
Piñon Hills,CA
Ojai,CA
Ruidoso,NM
Lamar,CO
Twin Lakes,CO
Quincy,WA
White Oak,PA
River Oaks,TX
California Polytechnic State University,CA
Tyrone,GA
Monahans,TX
Navasota,TX
Southwest Ranches,FL
San Isidro,PR
Montrose,VA
Rockville,CT
Canfield,OH
Landen,OH
Fairfax,CA
Cotati,CA
Farmington,AR
Hudsonville,MI
Larkfield-Wikiup,CA
Lake Dallas,TX
Creston,IA
Floris,VA
Pittston,PA
Briarcliff Manor,NY
